#synthetic magnetometer, 45,0000 rpm, hard iron (28,0, -15,0, 9,0) uT
t,x,y,z
0,43.62858757643801,-17.297028943558427,54.14626395678584
0.02,42.48184778665784,-15.386320307986157,54.1363760799312
0.04,42.31437444878848,-13.246315532450357,54.167290724998324
0.06,41.81982550920587,-11.470220815092606,54.20241942621975
0.08,41.457576666355735,-10.230407559428423,53.82939909309108
0.1,40.4273463438655,-7.9254246909916,54.16660239914782
0.12,39.71191127782975,-6.611205067880562,53.88455683506621
0.14,39.5028167901214,-5.0277525944084775,53.892324017096115
0.16,37.59398013455367,-3.233747201607608,53.56253173646155
0.18,36.884562718546654,-2.342369129601831,54.03106816371624
0.2,35.25059317714416,-0.8274524512058381,54.35643787260823
0.22,33.86248084000278,0.6406223851868589,54.388096374881215
0.24,32.53170828835444,2.048627031658933,54.131407331184775
0.26,31.210019241585385,3.020365394312236,53.97790061829827
0.28,29.7428360842664,3.2264900868388118,53.911627415892596
0.3,28.72356079543195,3.380959640832222,54.22791903235241
0.32,26.90358732143102,4.44259747501172,53.875943639642955
0.34,25.89901182940888,4.3050602863006,54.043826871723965
0.36,24.009257863761057,4.69800115893973,53.85764707394016
0.38,21.70076406838721,3.9730653681982293,54.161540682433355
0.4,21.519957283147214,4.057269167002172,53.99492770261407
0.42,20.03970172974094,3.8390564213347584,53.65214089550424
0.44,18.968190655128446,2.911233962273924,54.40654902902098
0.46,17.709069509768817,2.0241966573161303,53.628029120031314
0.48,15.95966651285926,1.340895485887394,53.94861837811991
0.5,15.962140234863382,0.5808784590782174,54.387860510519985
0.52,14.99595503767943,-0.6319937308499615,53.52761992596621
0.54,14.732038035467713,-2.851791820410755,54.246980360344665
0.56,13.409213236952777,-4.000649092746697,54.62877621121308
0.58,12.70130962903847,-5.421176416383373,53.73479334836031
0.6,12.686057170920929,-7.1900387710984175,54.567940347979345
0.62,12.632407061746434,-8.43444508652096,53.800431168617635
0.64,12.931199638950739,-10.571320648635743,54.19598674439388
0.66,12.644422796495055,-12.616670601008881,53.38390034408082
0.68,13.025769400675522,-14.16608128172116,53.65727522605658
0.7000000000000001,12.885394190143955,-16.242627313105203,54.041521372269806
0.72,13.092922744327952,-17.601394622696365,53.82706483626578
0.74,14.139492975010132,-19.07479167372994,53.433321100197595
0.76,14.84637595328531,-21.017377985634734,53.70261489670511
0.78,15.581238096141123,-22.995422468961088,53.948230564170686
0.8,17.146241744397518,-24.78685920292262,53.13536716515407
0.8200000000000001,17.66178191804567,-26.193962900366273,54.43137276968366
0.84,19.06183889983619,-27.413218551642302,53.93858144243946
0.86,20.23436438351886,-29.260767655722823,54.28621564057098
0.88,21.012784381879854,-29.679608422604822,53.75079149571195
0.9,23.26082619192523,-31.017296615797846,54.021920259049494
0.92,24.549824612627198,-31.76584528007276,53.72778417225706
0.9400000000000001,25.352083605471094,-33.08688523367026,54.02729821253919
0.96,27.02344070404093,-33.6363608982186,53.62739195401031
0.98,29.116209444359406,-33.8918488434898,53.68078212197773
1,30.221415206364902,-34.062319767221325,54.04007103515743
1.02,31.922292492111293,-33.91861410103995,53.95298394339682
1.04,32.81001687260875,-34.01468821059075,53.70806319519997
1.06,34.63586590178333,-34.201853575083724,54.14142316202822
1.08,35.03428018891536,-33.71733340218656,54.332882817608784
1.1,36.59630966661955,-33.09356599971292,53.999050050998065
1.12,37.62807128708688,-31.983525107845857,54.14649881043915
1.1400000000000001,38.76973303472356,-31.04782954591927,53.45302268989256
1.16,39.88064690983771,-30.600439236697625,54.10919012253876
1.18,41.09395224546438,-29.45680103359825,54.11232248564772
1.2,41.58360448421669,-27.988861439333967,54.071068546560774
1.22,42.32422069277347,-26.174581953666387,54.446660860027656
1.24,42.854920393780205,-24.651597039231667,53.79800075781118
1.26,43.40953101901504,-23.27570109449882,53.993638016843505
1.28,43.673237002894545,-21.434889030254904,53.94380138173768
1.3,43.23926676075817,-20.192017535656092,53.95219184580564
1.32,43.86114889740027,-18.069840354255106,54.03936497336135
1.34,43.19994574791116,-16.5751560506941,54.21650605027048
1.36,43.69188885476589,-14.769209170521926,53.90020528597982
1.3800000000000001,42.83999840585953,-13.004878720028431,54.091884995090595
1.4000000000000001,41.79759347564836,-10.983103206759267,54.29944490653959
1.42,40.55805207415517,-8.793603110545028,53.993888231717165
1.44,40.54265093652871,-7.985509474561396,53.93191377563505
1.46,39.60810788396163,-5.65161368722144,53.9967206091413
1.48,38.35643775575998,-4.672170105938017,53.995592027593176
1.5,37.05024941568064,-2.7671505753477277,54.21938887205652
1.52,35.938219701533434,-1.8530781860077106,54.077969960321084
1.54,34.963158163449584,-0.1554046813693084,53.82396701597897
1.56,33.89289312288474,0.6214272242637335,53.768753783643575
1.58,31.75094485703533,2.029654553207463,54.27563360457868
1.6,30.786321223104295,2.591079829126272,53.78970446948261
1.62,29.47295714702157,3.6077442502993797,53.53555824678068
1.6400000000000001,27.61806661735088,4.07921038936362,53.94136451977438
1.6600000000000001,26.68222283891861,3.69806948974834,53.805683426564066
1.68,25.183661114802106,3.926089636737494,53.98070537890399
1.7,23.343570191491008,3.984043007436158,54.42474209086366
1.72,22.17773425743369,3.7066269473304203,53.98389130302444
1.74,20.95434996820826,4.126008463727498,53.97265786829355
1.76,20.303676408673386,3.230411452826047,54.20727618269553
1.78,18.853144976631732,2.287231790691468,53.52539078184007
1.8,17.5177483250057,1.6837282690548,54.1263770379021
1.82,16.59518537451474,0.7068909920599786,53.35065872772498
1.84,15.249907998753539,-0.6765617569623981,53.45793938131999
1.86,15.033801269239685,-1.87834864765885,53.99284230925924
1.8800000000000001,14.417630646498907,-2.721415151225923,54.49445610217582
1.9000000000000001,13.195752392370261,-4.576543182966406,53.4835486232182
1.92,13.140739604452044,-6.295786962426387,53.91682764148446
1.94,12.988505016321902,-7.645087744595466,53.76421052538507
1.96,12.557545799864666,-9.522178063648262,54.34554528402691
1.98,12.701456281613279,-11.080953477269725,54.19696497374373
2,12.833303039796924,-12.797214685809188,54.02761497609262
2.02,12.862878628860685,-14.958225043025461,54.36481816847861
2.04,13.523831586646839,-16.36786964611681,53.94273855580339
2.06,14.007201757743614,-18.916058014966396,54.44664171452795
2.08,14.692646747741165,-20.08884848116549,53.699997926875035
2.1,15.500895160722603,-21.4914068998758,54.47762548707726
2.12,16.223784165046062,-23.025236483798643,54.14390078397898
2.14,35.73599258640027,-39.41413145353731,67.70575887178839
2.16,18.309681325556312,-26.82645887159716,54.22366071033342
2.18,18.70085226806036,-28.263641969249065,53.389414190766274
2.2,20.846113620888175,-29.174926679107955,54.26266453172
2.22,22.019728515789573,-30.158592382375033,54.10182427005857
2.24,23.275298329803164,-31.873098235685376,54.40640441806191
2.2600000000000002,24.680074702960212,-32.620947415574655,53.73372759720094
2.2800000000000002,25.83006073828263,-33.37731831935807,54.18158819705884
2.3000000000000003,27.659568374420797,-32.7373011307527,53.911628020646354
2.32,29.26881151334592,-34.073889856208524,54.4594821065046
2.34,30.415452097174395,-34.23657506961969,53.6318847956943
2.36,31.548991783277977,-34.53320668898263,53.792055579035896
2.38,33.680004893781984,-33.820080360318954,54.06301813745023
2.4,34.533834300588275,-34.20145252148761,54.428336446813994
2.42,36.05980434579292,-33.61824882105758,53.99036589439057
2.44,36.590708258913764,-32.81605086900889,54.380427657191404
2.46,37.84298835358134,-32.20041307828646,54.02390556606668
2.48,38.969123678817844,-31.169280929424325,54.128328106585954
2.5,40.083679006216386,-29.603377599040428,54.156241309442855
2.52,41.44479331295929,-28.823014561979676,54.106358972062935
2.54,41.482901703731386,-27.661023609059598,53.55758373883708
2.56,42.86723714622829,-26.11947131426789,54.0015997155465
2.58,43.133071874293925,-24.276024391369027,54.02841611462482
2.6,43.08095649569193,-22.300952033903496,54.1854818631254
2.62,42.94383611644639,-20.98345596969086,54.15846503311141
2.64,44.1160486996534,-19.534548034195716,54.088314339608004
2.66,43.088082982767155,-17.560535881782123,53.909804362460996
2.68,44.02987250338209,-15.703205191312875,54.386172398752564
2.7,42.660343964263156,-14.249766888683082,54.29312197198607
2.72,42.738093759452426,-12.513475986667181,53.460352944956625
2.74,41.71072048679277,-10.901585458286986,53.83566184094505
2.7600000000000002,40.47187168817894,-8.517417793381775,54.370213574251935
2.7800000000000002,40.376907901714986,-7.0037606382930075,53.95940444804092
2.8000000000000003,38.94552528532722,-4.997559174355958,53.87255472145618
2.82,37.874375282492025,-3.8465222769878054,53.545885633589734
2.84,36.97745207650795,-2.668498920859042,54.158401686871805
2.86,35.735442854709866,-0.8661083191019312,54.03166057215854
2.88,33.881110190130514,0.3427016952953075,53.55752375046637
2.9,33.26691193358088,1.2337877922461864,54.76100292086198
2.92,32.308374493823585,1.5836664325402197,53.72362476811096
2.94,29.93588159884094,2.504105176647439,53.48439489937513
2.96,28.78084336201846,2.9511970728740415,53.561164036730126
2.98,27.508872848350435,3.946998944673256,53.96823241167288
3,25.92956870784321,3.727501956110032,54.12780710547848
3.02,24.404380558421586,4.226337917912888,54.07279212228764
3.04,22.542660007020462,4.379539834903465,53.75837948019566
3.06,22.269263408947385,4.168144082984396,53.592354981818374
3.08,20.39891835123529,3.426858545374939,54.528148735536234
3.1,19.202678688358432,3.4848607537632006,53.721626823390274
3.12,18.221786502719258,2.0513662338057372,53.820162701721
3.14,16.74666562124185,1.5917063533260478,53.967538828770756
3.16,15.71727573688182,0.4014883485030012,53.93955433608127
3.18,15.804371674972368,-1.0553941390453776,53.76860574835243
3.2,14.573214719027963,-2.5737340796668704,53.83816578945239
3.22,13.391535713387452,-3.7906147476063126,53.94204972528319
3.24,13.461571829647486,-4.914347315384424,54.26955133714044
3.2600000000000002,12.576286353013725,-6.993163092619005,54.08717423515638
3.2800000000000002,12.633039267134379,-8.07994690824485,54.91660945968588
3.3000000000000003,12.295110328128004,-9.769129901773098,53.93596384731539
3.3200000000000003,13.181719722506696,-11.598070954392268,53.80775746844152
3.34,12.845775670366107,-13.406198749957372,54.23821827457192
3.36,13.405926705517693,-15.012430019447372,53.974459516069004
3.38,13.674195977503238,-16.857218739824663,53.8192841233837
3.4,13.964521062972132,-19.70250840566167,54.25529634479451
3.42,14.99434767943734,-20.731577310257453,54.37239423131254
3.44,15.637304116153553,-22.57201201020283,54.11521562213815
3.46,16.148661736470807,-24.106685070422618,53.82308895169567
3.48,17.560911451900633,-25.38531233718225,53.93475550195643
3.5,18.27919262517976,-26.94181168314845,53.874682970238695
3.52,20.274910793275684,-28.591355938202497,53.756643953469464
3.54,20.85924340096961,-29.991968036987245,54.126285279152334
3.56,22.509678157248054,-31.116000732978197,54.41469014683205
3.58,24.385577639292592,-31.43468007050081,53.86448167445495
3.6,25.062679311828628,-32.98525481870753,54.568938333646706
3.62,26.960501445095154,-33.14158637590822,54.48727594293182
3.64,27.61021957854492,-33.61748295136875,54.300218004506426
3.66,29.547152387557986,-33.73627755107244,54.17597356542614
3.68,31.052679584458314,-33.88473382667222,53.88721972601509
3.7,32.16517648764068,-34.3212253975463,54.010711523906636
3.72,33.69512111058593,-33.697562559813846,53.89917956647211
3.74,34.87886210365058,-32.876542631943785,54.21615135918907
3.7600000000000002,36.40286494909804,-33.37891683982015,54.632680327957885
3.7800000000000002,37.39392451410797,-32.99096767880414,54.09544643864261
3.8000000000000003,38.97241513789204,-31.647501883374197,54.221289833486445
3.8200000000000003,39.865899135381916,-30.588365132418264,54.09545590766727
3.84,40.216918157165004,-29.41497647027056,53.8208174806535
3.86,41.26858974292699,-28.35644961375095,54.275828756412565
3.88,42.10527413227811,-27.246318375392043,53.9346835099666
3.9,42.12203503043673,-25.067449172774545,54.15292559387656
3.92,42.78045069355923,-23.706720515157144,53.98349598094414
3.94,43.081802691861945,-22.54644533551644,54.25472551131284
3.96,43.44818859681622,-21.371841391592863,53.77487213833172
3.98,43.28417788567454,-18.643978581770686,54.314218366779954
4,43.105507888930966,-16.49688457127992,53.72496360979196
4.0200000000000005,43.235267728052136,-15.314481848702089,54.308418369153316
4.04,42.701286479552465,-13.298540431620477,53.760973912917386
4.0600000000000005,41.99318167767771,-11.802408133039872,53.884624787003276
4.08,41.78766641636615,-10.135136634109182,53.69160851159496
4.1,40.6298803349694,-7.858601864981068,54.20393033580345
4.12,40.13642898537091,-6.871276315207947,54.00237401412224
4.14,38.643245809033246,-4.175396077924441,54.03421630352966
4.16,37.67110419299216,-3.7437716244704937,54.51235529014851
4.18,37.288550597717986,-2.4497272475844643,53.586997415479814
4.2,35.4649941046492,-0.5400249498821772,54.06526271717756
4.22,33.91970719247771,-0.12447571866081475,53.95551063023542
4.24,33.22248661158495,1.35460780396701,53.6330327204183
4.26,30.960175892961374,2.1805754597716316,53.99409934242543
4.28,30.36011585817836,2.99046604990472,54.25204067907542
4.3,28.590999086786397,3.607805417188988,53.63534724293916
4.32,27.04278289699018,3.9150413251039673,54.28523098090586
4.34,25.429228460828494,4.454154468317704,53.56220091428076
4.36,24.028718057102452,4.420632977265392,53.8706768678662
4.38,22.855306145965628,4.099834850628929,54.17124605094757
4.4,21.29863390846531,3.9350917120176305,53.855710270761094
4.42,20.240543494034107,3.1172333227638322,53.69962919986081
4.44,18.479599636225892,2.775974635113643,54.190060659804374
4.46,17.929723904248014,1.8485801802196793,54.08151218933224
4.48,16.37081413866481,0.9472145519467805,54.03717563660147
4.5,15.795609478164973,2.278193161053821E-05,54.05896037802829
4.5200000000000005,15.254667647351784,-1.686261146424819,53.563546966609316
4.54,14.745868532408512,-2.575918585021256,53.86380664000171
4.5600000000000005,13.933131765488719,-3.7268695328543213,54.440751946091346
4.58,13.332511625740004,-5.589533815374972,53.731218545344085
4.6000000000000005,12.7781258654767,-6.552046267057322,53.855769904594396
4.62,12.58207951597186,-8.957483015957635,53.994904800010595
4.64,12.266554531490833,-10.68562951557286,54.28481270335915
4.66,12.492038073037666,-12.999220922394077,53.49558128005628
4.68,12.776909751347784,-13.63242514897565,53.52546295580454
4.7,13.476941538435561,-15.825054957259209,53.960873555639324
4.72,13.526463678989868,-17.917070286646656,53.89441934522425
4.74,14.497165432071187,-19.745579993131543,54.44062524830036
4.76,15.159912315865087,-21.72737241610722,54.04745151488916
4.78,15.976479363505693,-23.2142292666589,53.9470032447962
4.8,17.02888904133458,-24.847531024764216,53.80174515162098
4.82,17.7050341448721,-26.316405795718993,54.1012152779745
4.84,18.862879236005174,-27.261204442147708,53.855531950344584
4.86,20.13330460388542,-28.67025835351526,53.76674490893342
4.88,21.65575660782338,-29.659842451946613,53.986567795877775
4.9,22.64738038015519,-31.042572652741118,54.426289857942855
4.92,23.853788319348965,-32.244264468372606,54.59413876610124
4.94,25.911259333684242,-32.594808162253024,54.372811293157
4.96,27.29241388392753,-33.24905550968637,54.213154835878356
4.98,28.30543182508321,-33.6584311514263,54.063516791914935
5,29.868190238162605,-34.13208769590269,53.602854530218686
5.0200000000000005,31.29039016827039,-34.40576799807107,54.10170034014872
5.04,33.0056080435708,-34.33860115790993,53.92393969972665
5.0600000000000005,34.39521964376645,-34.18619567490778,53.656159473901425
5.08,34.64816383075312,-33.42662902010629,53.965208063219535
5.1000000000000005,36.448937519578465,-32.850976766277526,54.3907206467085
5.12,37.958189002906444,-32.33101501807093,53.93946970904745
5.14,38.82294875467613,-31.82209549054651,54.342640845848855
5.16,40.17342626903978,-30.309905651720204,54.17024287119486
5.18,41.16057562976542,-29.60281233042649,54.55252206980214
5.2,41.914929590700424,-27.56138980550322,54.19052009348904
5.22,42.035367933954696,-26.106405614795545,54.031569892622215
5.24,42.80696168032346,-24.70180440066194,54.04632052859014
5.26,43.289133036960195,-23.288051982338388,54.492223934830236
5.28,42.53567824108942,-21.49837205552253,54.11707325196397
5.3,43.36341322222616,-20.270661880309937,54.08169679778973
5.32,43.694278430632174,-18.26098767350613,52.98828993191584
5.34,42.45039873006526,-16.273611761001575,54.0648422972272
5.36,42.875642036347365,-14.76395439174382,54.136017763770475
5.38,42.40711145557109,-13.212204290193968,54.015860882119824
5.4,42.21990204893038,-10.877003629065095,54.0146175014811
5.42,41.30074820706825,-9.24119046865588,54.26746252023962
5.44,41.2101117629841,-7.457707394687245,53.192475021908585
5.46,39.488829309501156,-6.632172721713523,53.612700140833056
5.48,38.44508702992204,-4.156151375142285,54.046394562262705
5.5,37.7754861945172,-2.8916231674455712,53.88430078949654
5.5200000000000005,36.22228228860179,-1.9477910597646595,54.18569729653339
5.54,34.48410420301999,-0.004504983880245561,54.05747828686036
5.5600000000000005,33.15694846100914,0.5653587367294577,54.23642741805975
5.58,32.87067109640101,1.8560622330858099,53.915632401801105
5.6000000000000005,30.70197809159915,3.0700219001480438,54.5145367992687
5.62,29.461851296684046,3.2392988067877173,53.73252779767561
5.64,28.112183352454643,3.491773844385607,53.86451488132163
5.66,26.234493776004932,3.4753244049766927,53.765665213310584
5.68,25.20986641630176,4.381569048401705,53.89026239377537
5.7,23.461266077522044,4.081280041513811,53.682858762232726
5.72,22.13449327099351,3.9886753752456254,54.15025034990708
5.74,20.97104545371606,3.9132946489993685,53.4723093953884
5.76,20.107524250764612,2.9466301496488807,54.28193845667096
5.78,18.43472156910822,2.586486171756503,54.54726735169457
5.8,17.553279758748538,1.601468728588161,53.90223542723388
5.82,16.389720985120277,0.7552378683369909,54.50862305646186
5.84,15.685634934312281,-0.5221614057022759,53.99418405863466
5.86,14.66996236506133,-1.693033715017041,53.82432860824031
5.88,14.622038597174802,-2.9202021095875317,53.45875358133132
5.9,13.46994280008982,-4.186561435726032,53.99357195639571
5.92,13.07203704402803,-6.348909678476119,54.174992292524514
5.94,13.05300139964544,-7.997933938387523,54.26090986330198
5.96,12.505936775562414,-9.466890769008806,54.36603322262881
5.98,12.530202019582953,-10.22206149315451,53.807582354767476
6,12.869996433131677,-13.155022969431876,54.259414286064576
6.0200000000000005,12.736170778699769,-14.832406072971853,53.40884370528241
6.04,13.463562514755633,-16.43981260342163,54.13785385907245
6.0600000000000005,14.04130676224346,-18.53829862418288,54.25437593968973
6.08,14.238880703281563,-20.620609899091527,53.81090318708637
6.1000000000000005,14.969405783156684,-21.90048190054566,54.14015966808657
6.12,15.681891128741729,-23.46791908857221,54.154036653648674
6.140000000000001,17.04870615771258,-24.986185089674834,53.65671272321633
6.16,18.30331691001305,-27.615558878701087,53.756092045544946
6.18,19.47500078016803,-28.260434441279337,53.87132343236002
6.2,20.941225563568445,-29.445145216536318,54.039477842908916
6.22,22.133958903697923,-30.132281494611995,54.10614872890678
6.24,23.565621878768304,-31.244745522057464,53.939178477708104
6.26,24.80709583466298,-32.4243563282494,53.95003048649394
6.28,25.92658984468704,-32.841920898076324,53.81504879579023
6.3,27.19628822258485,-34.16467991947177,54.25973352618006
6.32,28.751565585967374,-33.930174339345655,54.371460393125794
6.34,30.66130515684412,-34.50958098455017,53.733668053009566
6.36,32.15830729648259,-34.10207462450282,53.86065940946491
6.38,33.38401096901319,-33.63472445256895,54.102614025334226
6.4,34.39808239726398,-34.18435203502736,53.749236614915674
6.42,35.74977428899021,-33.430376291022114,54.158689229061174
6.44,37.1992823459821,-32.86057020816831,54.40749352458759
6.46,38.26217774160919,-31.681480350696724,54.038356275275966
6.48,39.03164444638881,-30.751310967679004,54.11051306448626
6.5,40.59017086104842,-29.463391568136675,54.04850906358385
6.5200000000000005,41.14740534254929,-28.7537185293942,54.187181385108275
6.54,41.709334879488665,-27.309603064164314,53.575722087651585
6.5600000000000005,42.46550749656815,-25.767045016708344,54.56547499598362
6.58,42.950628263252284,-24.930334681103318,53.32908577687935
6.6000000000000005,43.15224171091127,-22.84216255972983,53.885687107392215
6.62,43.24172201717116,-21.02499025128178,54.58007445282242
6.640000000000001,43.443855621154704,-19.58765732262153,54.02668292882009
6.66,43.21760222628254,-16.99351955510872,53.751582412327714
6.68,43.01009455849156,-16.003552754193848,54.11369951937081
6.7,42.4468963463838,-14.068742792294929,54.02191300645476
6.72,42.000766044825205,-12.09304101416885,53.84455980392063
6.74,41.42636353687629,-10.431572619631716,53.585264813016046
6.76,41.04882015187519,-8.417398827155381,53.38900239089229
6.78,40.258343849667106,-7.363848723643947,54.00170792570883
6.8,39.359585903385934,-5.485159392000821,53.97620237500545
6.82,38.63635937822242,-3.8340886048525125,53.89255911546108
6.84,37.148403534209756,-2.3756577649208825,54.4848152325211
6.86,35.571155591963375,-0.86258684333799,54.13774392531364
6.88,34.07788556834308,-0.2291201932446132,54.1393691144896
6.9,33.337047799074845,1.354061685910283,54.116280278173704
6.92,31.50705006380056,2.1118518883061856,54.10379429120224
6.94,30.148677809477952,3.3264217361218673,53.87011734620269
6.96,28.464766496278095,3.4582972918419745,53.943722875038375
6.98,27.263787658949703,3.8897396213325255,54.175290108625745
7,25.88590217813865,3.7536844876111974,53.85340033230655
7.0200000000000005,25.18817861650394,4.083093204651723,54.00102000694736
7.04,23.04956517880275,4.503261167252889,53.975564915398685
7.0600000000000005,21.82798686392625,4.141548252928734,53.956929534120626
7.08,21.00787762447274,3.5842939302194754,54.21004308943832
7.1000000000000005,19.434107515756267,3.1399917115280758,54.02087147945266
7.12,18.228786659345346,2.398951268157182,53.52305783747616
7.140000000000001,17.40697948529303,1.2819218376715664,53.9180517848236
7.16,16.07881209144764,0.610403409854591,54.175853044624475
7.18,14.8134041947181,-0.48034526481042406,53.975618172349144
7.2,14.860398129979071,-2.5813866793264033,54.333838396081234
7.22,13.880509228377557,-3.5698494617322343,54.23421163683895
7.24,13.246838604546609,-4.863957300349666,53.950779752964884
7.26,13.569662209954632,-6.461126659004204,53.94637012684355
7.28,12.513529121018117,-8.214348499293708,54.14250398822847
7.3,12.771073493834061,-10.179356805349617,54.48727074193346
7.32,12.652199334802825,-12.028907504097502,54.26436824684063
7.34,12.782562729253971,-14.081915635642986,53.29965870513586
7.36,13.070690774576438,-15.679437476702596,54.2205438240947
7.38,14.11643822085626,-17.18632503145243,53.84637076881336
7.4,14.257140605260952,-19.26138864243111,54.06459046178574
7.42,14.426865048125924,-20.653717281555167,53.8211679948896
7.44,15.496481919956809,-22.168056483717493,53.77411407052083
7.46,16.60893496183043,-24.335844018753427,54.03487583053713
7.48,17.33633039734571,-25.568632690957912,54.054071510507214
7.5,18.182230994290297,-27.272741276968596,54.22732037546864
7.5200000000000005,19.915229659182273,-28.486506049707906,53.74935155649473
7.54,20.65322659559216,-29.942763486122054,54.04246305414814
7.5600000000000005,22.90833851012497,-30.793318637647772,53.876894883666914
7.58,23.938746430800546,-31.580867165473634,54.314392446427824
7.6000000000000005,25.692985952969565,-32.31824899431229,53.559485053333354
7.62,27.18699362502134,-33.25759359405211,54.24826206082547
7.640000000000001,28.193991837881107,-33.75426794284615,54.270450760299724
7.66,29.4871814307998,-33.735717240319474,53.992020214130555
7.68,31.096368719896176,-33.84275890296151,54.180734371182226
7.7,32.485661656637966,-34.02018786527684,53.927098845340524
7.72,33.664869689859714,-33.76660690094563,54.25883565315809
7.74,35.03601217035162,-33.553456966205914,54.43085876255542
7.76,36.49189377662748,-33.31567694767919,54.210134682676134
7.78,37.65690263436313,-32.50692884412684,53.40764487264954
7.8,38.134936803247236,-31.408927570292057,53.98570202232533
7.82,39.873919788815584,-31.294761693642723,54.293108153863685
7.84,40.525732316185355,-29.832843671007893,53.9681077969785
7.86,41.0617664360402,-28.559849707598346,54.049560588728816
7.88,41.65431483932739,-26.877285386165504,53.576903889330396
7.9,42.0258913222274,-24.950829889348586,53.764633206822204
7.92,43.1345210193265,-23.17736138611631,54.23055851102954
7.94,43.33948065642692,-22.231026585665408,54.00204768222214
7.96,43.47901287486105,-20.689450292150326,53.64933059104612
7.98,43.07607530471866,-18.326784703387705,53.8037899670272
8,43.45243430017643,-17.208367726065067,53.34914595295696
8.02,42.83989515258541,-15.017960447302844,54.221822311571884
8.040000000000001,42.52843849518517,-14.23229258965271,54.08659022779962
8.06,41.84512546627913,-11.4511470669303,54.741827795621866
8.08,41.49881504751304,-9.698484901699514,54.23690876764744
8.1,40.02790889829444,-8.136229987560322,54.12299356427492
8.120000000000001,40.0216635723897,-6.576964541413615,53.66699643824683
8.14,38.84590298504722,-4.739159425930682,54.40462938693133
8.16,37.70946627583305,-2.811282552606638,53.96863776307096
8.18,36.299387646527094,-1.2518906706779944,53.38146655006306
8.2,35.67360486153403,-0.8640567556312035,54.18225773449397
8.22,33.708148887631616,0.09330229781700972,53.960909375419504
8.24,32.47457729616275,1.0272280214185212,54.21312743809032
8.26,31.223670047735766,2.4333791541985956,54.099696402323076
8.28,30.14250266652163,2.827118275746706,54.39306636771105
8.3,28.075543473575305,3.704695573054879,53.784784068910014
8.32,26.785091106369443,4.316048190481686,54.00388322825596
8.34,25.45464209614432,4.545411210149641,53.74719198245975
8.36,24.252508134319594,4.413029850938775,53.777808053931764
8.38,22.79695474552543,3.6136063392801905,54.38335724555782
8.4,21.62949572490267,3.680983066875692,54.51577398240322
8.42,20.74160412441008,3.2023957375238954,54.788699758221426
8.44,19.10195742711771,2.3721267771778027,54.05003796355233
8.46,17.431729804324906,1.914026792026828,53.96607768609909
8.48,16.624151643523646,0.7503824344067951,53.79831673986834
8.5,15.818715027664632,-0.29199751377394456,54.02117594205175
8.52,15.474400333033481,-1.5163357838740819,53.96999179761218
8.540000000000001,14.251292713766887,-2.531838324949998,54.08843164491232
8.56,13.830776135613931,-4.180385189436439,53.990376305152566
8.58,13.147726114629947,-5.576755149805354,54.04113193581644
8.6,12.757951254790221,-7.167619822207856,54.11501879650784
8.620000000000001,12.455945664396829,-8.888711937889367,54.01087424974972
8.64,12.377858057517829,-10.273058992592018,53.88485933924113
8.66,12.621703846119237,-12.200916579652956,53.53238899541958
8.68,12.677625399202025,-13.847329687839473,53.938087339048614
8.700000000000001,14.003645946764227,-16.22928320707409,54.02918800447783
8.72,14.183240166939711,-17.857314618621555,54.02069828150408
8.74,14.085919492722375,-19.757395937524223,53.62253640813364
8.76,15.335580883743123,-21.647169079349105,54.13768769118413
8.78,16.345183142640433,-22.423467004195267,54.34992444172372
8.8,17.11641400298117,-24.431843660621727,53.73749740151691
8.82,18.02219085160877,-25.98299448448301,53.93004531935315
8.84,18.96799226479954,-27.93926023200206,53.99300918398328
8.86,20.420702637897172,-28.886256827519244,53.91481065492014
8.88,21.829744519156797,-30.449099533666697,53.76995225843366
8.9,22.955357810556812,-30.945277555510224,54.06964131519055
8.92,24.218822790819925,-32.2328779393313,54.025042237904124
8.94,25.39127017755594,-33.17751883500996,53.746222134612296
8.96,26.99874079496142,-33.09778290637727,53.87576667465039
8.98,28.13121515768602,-33.68179416412408,53.983091371754014
9,30.132063417876598,-33.95781873549345,53.93550257158108
9.02,30.773332638972814,-34.00253087635913,53.912348688308775
9.040000000000001,33.26245784254213,-34.54108638833744,53.993034570909685
9.06,34.48897972947309,-34.000031974968664,54.43062551745854
9.08,35.97055298123167,-33.195096567810126,54.22453078241594
9.1,36.769371272248875,-33.20645635350426,54.29320428010611
9.120000000000001,38.312117420671456,-32.1874140051556,53.915437556667776
9.14,38.84730916183301,-31.029202767344557,53.97978898797811
9.16,39.85836461392899,-30.09507046889864,53.97034610972057
9.18,41.11939312846262,-29.03910117612171,53.88266603732679
9.200000000000001,40.97321406231371,-27.93937044478672,54.12219505556514
9.22,42.597381878219636,-26.084021104537243,54.17840056872087
9.24,42.916745312537344,-25.111532898648296,53.66318044165867
9.26,43.70708334556491,-23.106909060099902,53.75788241890722
9.28,43.325292758025526,-21.31641034556199,53.95068127491102
9.3,43.126142693466136,-19.669879412932474,54.40622147047628
9.32,43.16340667968797,-18.378273270112665,54.3690779155661
9.34,43.263697984805255,-16.567017002013426,53.40644335653856
9.36,42.55661125140552,-14.703014225432502,54.319846597472235
9.38,42.55655200812971,-12.23026672141817,54.13876762188893
9.4,41.57600605253368,-10.725376828002007,53.64630598779828
9.42,41.23068416236008,-9.700158773222546,54.49408373471377
9.44,40.57476804132539,-7.628227195437501,53.515844496308375
9.46,34.9981957020779,-17.332957267777424,39.533971894691334
9.48,38.70493407151922,-4.51943320418464,54.29200270720448
9.5,37.639440824375086,-2.6655427100395688,53.77691680549043
9.52,36.59062390356877,-1.7280128164776158,53.95326417633293
9.540000000000001,34.90363737367966,-0.4728880079589075,53.83301759495424
9.56,33.59429081075959,1.2792042180335006,53.326318390472224
9.58,32.50883580864156,1.449352929027718,53.80760469166704
9.6,30.608422488603164,2.3486854012935794,54.33732568960702
9.620000000000001,29.506679171775367,2.8009207618230736,53.62296800211087
9.64,28.452667895803486,4.844027424053943,54.35684304154092
9.66,0.15232045636526337,-10.382376653569098,74.85881040445253
9.68,24.811193222220336,4.787382309700085,53.476955473057714
9.700000000000001,23.653539652948556,4.071667975167927,54.45823595039649
9.72,22.5438899272529,4.49532335689932,53.415983944596206
9.74,20.738883297463406,3.5666667880343184,53.888583767000746
9.76,19.711417214978546,3.4820867484568563,54.29501800853429
9.78,18.368229941295446,2.7055356315308874,54.2675428141095
9.8,17.462552910512684,1.3220968402528488,53.6889431909634
9.82,16.52390517452843,0.7354502433943004,53.55277208912064
9.84,15.504982961387018,-0.2494821598008503,53.582373754617365
9.86,14.73254939793236,-1.4694940834691472,53.97464706841858
9.88,13.893141224440635,-3.0455216299844174,54.16756603135467
9.9,13.172147831445319,-4.520460325384091,53.95386858169962
9.92,12.992781900799557,-5.494094294358918,53.94171961906188
9.94,13.453454336331365,-7.294462826897789,54.32182175679706
9.96,12.788602166998846,-9.642876853685008,54.44894797957266
9.98,13.106506728978449,-11.910121361016861,54.01590015551962
10,12.589598452693508,-13.617157079669488,54.00324329716827
10.02,12.650535066304826,-14.826890419547048,54.02839399287958
10.040000000000001,13.204078025205176,-16.630765508549302,54.07938788875285
10.06,13.720889433504578,-18.543633327629358,53.96023218760381
10.08,14.773417695422072,-20.00902179007798,54.14754118245654
10.1,15.420337386226558,-22.04492575241067,53.72531794541701
10.120000000000001,16.16268102880305,-23.33933342216681,53.88617439685775
10.14,16.888738166461817,-25.069496790395597,54.192038981821014
10.16,18.39425630355935,-26.510809055988787,53.94551265481114
10.18,19.151245000926387,-27.662863995765772,53.93257194312339
10.200000000000001,20.96728073551996,-29.418928016323612,53.926795429093865
10.22,21.70955662268878,-30.72966330061989,54.30758566248657
10.24,23.38001364317065,-30.97410599005474,54.816399867661445
10.26,25.023185864300558,-32.49143434930739,54.110704812892706
10.28,26.43524495182862,-32.63049480999293,53.60036955548057
10.3,27.389924225627187,-33.92400439730595,54.18334090813403
10.32,29.219894497867962,-34.28918485491563,53.800157654903984
10.34,30.202832552042715,-33.75048266398382,53.55980283582133
10.36,32.35724016979588,-34.338404120599726,53.86473051473579
10.38,33.10438383825908,-33.87761860043135,53.60873471450546
10.4,34.32859820538172,-34.2901222197988,54.50243592766972
10.42,36.168570686862346,-33.32157070232665,54.33726878090023
10.44,37.3246985375593,-32.286935298083705,53.398558835149025
10.46,38.39112921532388,-32.051155043818255,54.16045910306575
10.48,39.43925247961366,-31.003285322472166,53.98789996195538
10.5,40.256354695878585,-29.78566105305901,53.6077823676383
10.52,40.509833321288795,-28.902823798522498,53.686952829795544
10.540000000000001,41.75781884888896,-28.018447335693516,53.82202182704991
10.56,42.13221130742477,-25.846448612393292,54.46788710721941
10.58,42.918531733966205,-24.472290963978253,53.86696170285305
10.6,43.50524611265544,-22.958300873013755,53.578163442323024
10.620000000000001,42.997171254762335,-21.430437714932207,53.83480581079579
10.64,43.37805965997171,-19.22742309406202,54.20551946067156
10.66,42.91198381092305,-17.29151832561166,54.0456122018993
10.68,42.73259794769327,-15.721076694565326,54.08793032744982
10.700000000000001,42.93849237024125,-14.047381625679009,53.539458719379944
10.72,41.23597719725156,-11.725233933388434,53.9303845990918
10.74,41.80551767033259,-10.066758663622704,54.04079610548492
10.76,40.70017002187755,-8.849116426598354,53.8532710390173
10.78,40.030295714110736,-6.888834826327496,53.77591708684926
10.8,39.841818647984866,-5.561187282087635,54.01726142726871
10.82,38.23398853466171,-3.4536609790823896,54.2323062092315
10.84,37.1731873930027,-2.4190215345679533,54.36838922370135
10.86,35.51645679157221,-1.8966464904739375,53.66768652888173
10.88,34.345084703310775,0.22696813310393438,53.73500814377932
10.9,33.433018740034065,1.304789679268957,53.142482693656724
10.92,31.696164650217263,2.323027803965612,54.28058533910986
10.94,30.700312365203054,3.2249113598935555,53.81840987537562
10.96,30.956966432286578,12.00726849916251,68.27238888340817
10.98,27.29045189641509,4.184153958946341,53.138334038677215
11,25.68033636571275,4.411774762711415,53.35633214984277
11.02,24.654900420102848,3.880643947246103,53.70482506366385
11.040000000000001,23.252896871968552,3.4993591108097863,54.11292142700355
11.06,21.807224388512502,3.981643697828698,53.980244638715234
11.08,20.797617703332243,3.2107964237717503,53.66646246479188
11.1,19.06389737406713,2.718060330183963,54.032982104824434
11.120000000000001,18.488661982424123,2.578141391716686,53.92883682659877
11.14,17.239760127886846,1.4639969823427954,53.799516046146245
11.16,16.06455864186151,0.4852980176392645,54.318020038315844
11.18,15.741763915762617,-0.09584740152025262,53.94886728493591
11.200000000000001,14.26368179210526,-1.0917898811792224,53.63129347063899
11.22,14.268655294315543,-3.0098975931731253,53.926096457098886
11.24,13.470301277224397,-4.846751192920152,53.90421704280142
11.26,13.249840802873162,-6.9013483439799455,53.725936675282206
11.28,12.615418571143767,-7.650556265253032,54.10745264645429
11.3,12.463550931038924,-9.506481563101328,53.431092917853775
11.32,12.471748868591089,-12.047890816798741,54.00654957458028
11.34,12.941343735298728,-13.411141111240156,53.74417457452219
11.36,12.830957804109309,-15.455723870979114,54.06403888277136
11.38,13.782281328529674,-17.178246779546402,54.610746647638265
11.4,14.621883583054638,-19.13132108539881,53.634782762158
11.42,14.921742281214067,-20.56639255383268,53.72372935154635
11.44,15.458891284793689,-22.56959450945824,54.274494935799225
11.46,16.564719605404484,-23.612352444767488,53.78650060350145
11.48,17.53324372057875,-25.755676578681122,53.693688892308046
11.5,18.416079298719424,-27.500218978733066,54.28648818342014
11.52,20.193481383101844,-28.36248189983739,53.75785294480918
11.540000000000001,21.300505721000455,-30.10807236593046,53.92044717456516
11.56,23.010310225613825,-30.832480898951797,53.48664505008407
11.58,23.81896150188772,-31.227148067429688,54.45920568943181
11.6,25.0267429120208,-32.737217890614076,54.093165063755876
11.620000000000001,26.55576051980379,-33.11139823404861,53.76888201319697
11.64,28.409935586345895,-33.991342356920384,53.82594009275522
11.66,29.329720351619855,-34.03494482569679,54.15966107700974
11.68,31.112394566384324,-34.240514869775794,54.06237847090242
11.700000000000001,32.005373192943864,-33.56165928453712,53.99902105735706
11.72,33.66781545362902,-34.071482789429524,54.52957080031373
11.74,35.23264308102723,-34.00382624424823,53.75305398357698
11.76,36.453254516702536,-33.47251721828716,54.26551679046847
11.78,37.816960397364454,-32.20448771282368,53.7327655294781
11.8,38.612046360773775,-31.169534290036793,53.88856540118532
11.82,39.66163418830838,-30.73059383291033,54.338861351463976
11.84,40.399731949640355,-29.584764655712377,53.73780933655172
11.86,41.38795314370627,-28.12919123202247,53.85918963936932
11.88,41.69724235627642,-27.47137741234123,54.334550912735075
11.9,42.30401376993438,-25.838005700391818,53.962374529429916
11.92,42.748950704478716,-24.6521936098343,54.58754903368377
11.94,43.228867913231,-22.247862179356446,54.0696111411166
11.96,42.98324652444056,-20.4849909394932,54.049100461686486
11.98,43.277340429327914,-18.805583614444473,53.89585973972174
12,43.18919260317554,-17.234828874210883,53.69604760585043
12.02,42.92539834327646,-15.343066267184678,53.686305467186294
12.040000000000001,42.4076653806907,-13.817900388315483,54.141942691204314
12.06,41.95184159600012,-11.612523494431917,53.868292311064174
12.08,41.371240891409435,-9.707942473711274,53.924756361882245
12.1,40.96132043340003,-8.19001872105028,54.267777390296686
12.120000000000001,39.6572519609243,-6.198550244671043,54.05098626660463
12.14,38.39381697498091,-4.622187057415941,54.179269567453304
12.16,37.72568582192713,-3.81366921704098,53.93403117023044
12.18,36.870124211613245,-1.637546729060114,53.51653636540521
12.200000000000001,34.86918691589362,-0.6759517549428296,54.004603108139875
12.22,34.54994792258058,0.05945283518497746,54.375382685950335
12.24,32.498805524709724,1.4867859186420826,53.444165606250024
12.26,31.1317880097834,1.6881621707265602,54.40718771637327
12.280000000000001,30.150723950431196,3.6977420191514074,53.803800844177786
12.3,28.352503446226407,3.5834661865009103,54.14382427678933
12.32,27.43861743734802,3.4873062354713227,53.787221178710546
12.34,25.084080452950083,4.652534427918958,53.96050795668087
12.36,24.129526842740116,4.032797467687871,54.34020508263294
12.38,23.277113238929132,3.8701983546157166,54.07950189363431
12.4,21.88022230463897,3.7557696096701676,54.13459692528522
12.42,20.296715888101055,4.167514845298086,53.891439972898496
12.44,17.88607247081646,18.05528277672675,75.25051684769788
12.46,17.971852224281193,2.122497247418881,54.621957414107975
12.48,16.70539147339797,1.1920191792833155,54.22059876845192
12.5,15.835806276414607,-0.20081455578474205,53.96506282210808
12.52,15.077253475601587,-1.2256496303826463,53.64910684190523
12.540000000000001,13.935798148683332,-2.6194416937087563,54.190620808666964
12.56,13.499012658210422,-4.305672787980395,54.0764961373513
12.58,13.305614555108232,-5.469093024155686,54.14209133907923
12.6,12.918188406079892,-7.4469762399336235,53.68552671644392
12.620000000000001,12.66225076436818,-8.545505032708311,54.32301912762686
12.64,12.634854920088035,-10.839461983600902,54.115853131861336
12.66,12.746254634020787,-12.272578483234636,54.04218680344381
12.68,12.490894986023111,-14.395207578624799,53.4964274171489
12.700000000000001,13.165998682178863,-16.020126763060944,53.96248202758753
12.72,13.284943089599675,-18.04205137204035,53.93685039541363
12.74,13.841677241375965,-20.055253982300876,54.046882975101084
12.76,14.913968744836973,-21.01521889751308,54.25794870326597
12.780000000000001,15.626058659564698,-23.267041491980333,54.134656010048715
12.8,16.63629382410734,-24.779888184533775,53.88802710230304
12.82,17.821723248078925,-26.44402128352351,54.00322479280386
12.84,18.41796263080386,-27.644318211768294,53.58984065998429
12.86,19.982732867232798,-28.70531239137315,53.81321454317783
12.88,21.52444050543811,-30.63088901025169,54.482763775668076
12.9,23.368377933204886,-31.344219459682783,54.29331996105077
12.92,24.65080747176714,-31.92050502439887,54.50365967507631
12.94,25.62854826821993,-32.27309428836787,54.07315569574391
12.96,27.263260110270274,-33.45692434823785,53.36472280340699
12.98,27.955559852523407,-34.03516650712192,54.280485507616916
13,30.09756044936958,-33.98485700953779,53.62293508920689
13.02,31.433228926256778,-34.535882961042994,54.18597865340571
13.040000000000001,32.964865050258254,-34.39546635656771,54.433111522830444
13.06,34.36571044860143,-34.11211380881236,54.136608000082475
13.08,35.27897519529625,-33.729635707874564,53.88675673626546
13.1,36.57555735696191,-33.29804593384263,53.58128749086396
13.120000000000001,37.8921323342482,-32.77898496514568,54.277583615580824
13.14,38.83119917140781,-31.575010025070753,53.987348142625436
13.16,40.339095909768076,-30.307407545121222,54.30337206469264
13.18,41.277831463973925,-29.201324229284012,53.541377406229145
13.200000000000001,41.356706879137064,-26.973542809609107,54.070622415181155
13.22,41.89349434997409,-26.337218524414503,54.1425367867607
13.24,42.46185183256445,-24.55828063904618,53.941747889862484
13.26,42.716784025573766,-23.33037587915412,54.28579185414461
13.280000000000001,43.217436396010314,-21.81122249092932,53.69754082851591
13.3,43.45614200680495,-20.38539397315747,53.72671385568667
13.32,43.13642509774822,-18.127010026825584,53.851374814512035
13.34,42.81433196679547,-16.51677006550117,54.09309383470486
13.36,42.655812406565495,-14.09986335814509,54.3345446093027
13.38,42.78859737179247,-12.809324663726892,53.990181677455084
13.4,42.16791727400516,-11.29357107990647,53.90165218158502
13.42,41.46683863312041,-9.30370202285377,53.62667230911017
13.44,40.67738095191473,-7.56635397805551,53.677901238982294
13.46,39.62040175139858,-5.493467948375914,53.96733379589344
13.48,38.67560774817584,-4.171333873396691,53.93407322124014
13.5,37.27959014379584,-3.0124680694053954,54.01929144073839
13.52,36.22955402393694,-1.1577560809170144,54.1341947860133
13.540000000000001,34.57369894767791,-0.13551341873378853,54.30552542007503
13.56,33.73828085796658,1.1468971334087072,53.29144929795932
13.58,31.975076762961912,1.40500287292992,53.54288220451278
13.6,30.811618708181335,2.669483151625503,53.79733849177621
13.620000000000001,29.442453886159356,3.105323526992793,53.589345534043275
13.64,28.207626574873828,2.9633358888766637,53.62785398699591
13.66,26.625277781916957,3.8219331941611134,54.11250006783571
13.68,25.232450621722208,4.249960320306718,53.85073629414049
13.700000000000001,23.46481507790429,3.7183317325059466,54.2853237002371
13.72,21.7562695958928,4.492668684929875,54.16659041268228
13.74,20.62237792892855,3.7714237614652717,54.121038202824394
13.76,19.35366233823873,2.8228437905894523,54.41858370325576
13.780000000000001,18.401810621825717,2.1678189164904325,54.04427074790025
13.8,17.60960484340731,1.130180476084778,54.23604640366207
13.82,16.27011191229611,0.4400124307690003,54.296259357393225
13.84,15.197303742439214,-0.4886972930593334,54.29553958525672
13.86,14.856750060327524,-1.634030321712423,53.949227338937334
13.88,14.126647433353671,-2.9787542503979108,54.490530030651364
13.9,13.574959255588103,-4.429941350656351,53.12445593287946
13.92,13.092075830404898,-6.088197298972197,54.29858988260292
13.94,12.419827564312813,-7.925781388389996,53.98011339959626
13.96,13.293053623854448,-9.291083588181971,53.66336990578507
13.98,12.888290575088313,-11.03887447857717,54.22416268981565
14,12.514873150776232,-13.285241859889776,54.36075334554158
14.02,13.317131945567919,-14.823546119991502,54.162253986955406
14.040000000000001,13.532470296583991,-16.58472650371496,53.60599121624931
14.06,13.915649410510797,-18.670227943874504,53.91956109620418
14.08,14.827915551026969,-20.60051675544844,53.91032234891566
14.1,15.414713150241415,-22.090021285498075,53.72210592742092
14.120000000000001,16.147916588225648,-24.171792836704334,54.117004728179246
14.14,16.7791400302378,-25.372210072434726,53.83173679431566
14.16,18.592519966888194,-26.746090056777405,54.250693488858616
14.18,19.023737555732424,-27.51288008282047,53.92225843924521
14.200000000000001,20.40904196045295,-29.369670711571548,53.94664654475919
14.22,21.943220837970138,-30.96448083503757,53.614459009945975
14.24,23.227830121193005,-31.56955615213513,53.98362790021967
14.26,25.216911570228344,-31.689645223684728,53.73635257050458
14.280000000000001,26.363095088809324,-32.905322747298285,53.87969104635761
14.3,27.772846054519295,-33.80428309269338,53.895539188979626
14.32,29.127632867049964,-34.679564475741856,54.3171598849796
14.34,30.54837174549577,-34.2369047816026,54.06573503237749
14.36,31.705802920572282,-34.463150564484195,54.75453878764889
14.38,32.93725401921537,-34.246463739550876,53.974509263509
14.4,34.451855825222054,-33.909697143987344,54.48469899758143
14.42,36.652628314825826,-33.03052520916051,53.99600979890635
14.44,37.16610784569588,-32.12527694147179,54.42935145121204
14.46,38.620757150081644,-32.22886327946278,54.22640747021238
14.48,38.75752409327538,-31.500615347204203,54.017993419495575
14.5,40.39627477285249,-29.653638183446866,53.28191421173345
14.52,41.00497234706252,-29.07813045474623,53.75558342149616
14.540000000000001,41.54243208009423,-27.537661477715304,53.82231243908117
14.56,41.94669989135605,-26.12764223258369,53.99444507198026
14.58,42.64061235036308,-24.5302796791483,53.669091522679594
14.6,42.99226824805946,-22.869275380121298,53.754397846251784
14.620000000000001,43.201510441816836,-21.34322284050402,54.14082246023138
14.64,43.39001297564023,-19.432352858832203,54.38320067991469
14.66,43.427089184528285,-17.098963902482474,54.18041148986484
14.68,43.16339481982027,-15.605790907291482,53.91825960608367
14.700000000000001,42.68191114642084,-13.663885794034565,53.50165722955332
14.72,42.13725412823601,-12.188304815727792,53.89522831062434
14.74,41.33579738416337,-10.642937682994244,53.82718124403708
14.76,41.02389400153308,-8.182335356749547,53.979065728281924
14.780000000000001,40.37630517352958,-6.823639697006733,53.666570379951324
14.8,38.822607207920456,-5.188979264310024,53.571085225898955
14.82,38.135301414132826,-3.8355855974997812,53.63813350637254
14.84,36.73706396306573,-2.3350795032949794,54.701995614879365
14.86,35.83661886801721,-1.2407335121232315,54.178781034356994
14.88,33.995349721296265,-0.02811209850383456,53.41465584851272
14.9,33.295553231465036,0.8258295673612874,53.39007067568359
14.92,31.440655652174975,2.411033375053293,53.7825777744347
14.94,30.178432556260347,2.9746678484011824,54.16998053613064
14.96,29.360257820596434,3.0078363065334965,53.67252659985574
14.98,27.34629531275197,3.181083229115318,53.550104806726
15,25.88035608589038,4.367449101372385,53.690904925907866
15.02,24.347348013567842,3.9544068722698373,53.78919963252535
15.040000000000001,23.236334302732683,3.899715325419413,54.53515659825885
15.06,21.932957265233778,3.872633110710753,54.00052854376723
15.08,20.537231780528217,3.7663379864010036,54.026146800645925
15.1,19.601961172924426,3.46890014585842,54.22355327175224
15.120000000000001,18.402902482597682,2.316976855882098,53.40230108169395
15.14,16.719478748315744,1.5057231494225434,54.27503684828686
15.16,16.249581110151603,-0.020122011721529276,54.42846982065415
15.18,15.40803210248411,-0.7635930280729148,54.52747058593946
15.200000000000001,14.423812753541455,-2.342267845006308,53.95114175297702
15.22,14.226551455972228,-3.323291303125668,54.155101499522736
15.24,13.40143076259367,-5.5376896397521005,54.08007212218473
15.26,12.972346333471549,-6.675305982363245,54.57134582215897
15.280000000000001,12.263020795834933,-7.8519129566791745,53.61113787737048
15.3,12.730869953154638,-10.454566503145237,53.675441265180545
15.32,12.646065654431952,-12.062789625758422,54.54640803081216
15.34,12.43928961287292,-13.2726484276697,53.69873950617065
15.36,13.066078524789035,-15.19599286764796,53.67833203512204
15.38,13.43532155186981,-17.94974131358035,54.31083550479229
15.4,14.284669436597282,-18.82686183869641,54.162056962966275
15.42,14.563231157008609,-20.563933448491774,53.945867052615746
15.44,15.998561037701958,-22.445177670585586,53.882927792972524
15.46,16.622469029615917,-23.937648844676275,53.84972900088823
15.48,17.03641836261346,-26.280365955054727,54.16802488503941
15.5,18.92735936428885,-26.434489617824585,53.44345495308867
15.52,19.520368893388333,-28.610233866850997,54.03950514503589
15.540000000000001,21.264933528741196,-30.06987167304646,54.3950951082366
15.56,22.236939715364723,-30.739908771771393,53.65111527874874
15.58,23.89858162062368,-31.500203546713514,53.64027419658457
15.6,25.41662491200393,-32.090153613546065,54.48749655601367
15.620000000000001,26.656173973097317,-33.13983491091116,54.0661042960793
15.64,27.916503194364584,-34.26002889377789,54.305192982270064
15.66,29.281278429300688,-34.17775268507101,53.466892589904
15.68,30.75514790803841,-34.720832779561434,54.125807906005456
15.700000000000001,32.65865306860331,-33.93255273144218,53.9947290068183
15.72,33.94696932146984,-33.291897372425794,53.742607596927755
15.74,35.57083800355369,-33.8006303075364,54.17835194551496
15.76,36.004921504369634,-33.209817032792564,54.33870973995177
15.780000000000001,36.97539678922287,-32.315226469137315,54.39913112829574
15.8,38.58510455079139,-31.535333152186247,53.94672754064899
15.82,39.503631179627504,-30.6646005557053,54.03182454212383
15.84,40.19776384471062,-29.11959075365499,54.469746959538476
15.860000000000001,41.3084387128577,-28.48876206133939,53.830043646455806
15.88,41.72304404658405,-26.727166315352644,54.31473251480536
15.9,42.39634564216971,-25.144377070253782,54.10658724375086
15.92,42.67879551222701,-24.15339000579531,54.09811220037287
15.94,43.03463129319036,-22.271616954038837,54.37325018478703
15.96,43.02155918218148,-20.49425899959168,53.74341226713702
15.98,43.07018418662287,-19.116853734135837,54.15123950085268
16,43.667847902443,-17.10370041638136,53.81379456665983
16.02,42.841595644575385,-15.667945290894894,54.0144053676875
16.04,42.73690444812986,-13.571327672864875,54.387383857223284
16.06,41.857112301902994,-11.486703997036809,54.20601140287596
16.080000000000002,41.55277460946637,-9.676359141267294,53.423799529749786
16.1,40.710927415711126,-8.59327383177213,53.89624531320503
16.12,39.291625466891105,-6.241700490922296,53.73413236756201
16.14,39.05062631565838,-5.128266139290945,53.8871320855379
16.16,37.832081075360016,-3.0846145211317264,53.85044672000724
16.18,36.40889792960554,-2.2552544946393454,54.565964674960725
16.2,35.22695157049571,-0.6111474055759576,54.568356768521255
16.22,34.47005345292498,0.9186957520433374,54.20479432494442
16.240000000000002,32.631779714568495,1.737723042734638,54.418605248151586
16.26,30.960647355244593,2.2332121367085946,54.73095702555685
16.28,29.262488825937343,2.6015496560234705,54.33321936809101
16.3,28.465691804009584,3.819888754941651,54.48212401139489
16.32,26.721843244601686,4.126649088867854,53.84481812136437
16.34,25.80066309418644,4.2205175150956045,53.388405721792104
16.36,24.036932192483242,4.645085361535239,54.025067995986056
16.38,22.719842217276703,4.324059449772259,53.985782152159345
16.4,21.146974463754937,3.9657086621294972,53.96125335194914
16.42,19.903865547233586,3.4126030877885665,54.233171995450284
16.44,18.550205309808156,2.705618432566691,54.074391288105545
16.46,17.498152903771455,1.9178897846352427,53.59422835986904
16.48,16.709301271615395,1.138831221989161,53.80775732604782
16.5,16.148145134375895,0.11898219057786719,53.67409836318074
16.52,14.364004719672916,-1.32309256284916,53.785909069479715
16.54,14.536942025187678,-2.5192762994138374,54.011663626067545
16.56,14.364829397020321,-4.008332883450118,54.154657558772854
16.580000000000002,13.072799182350673,-4.98782961296938,53.68060878736417
16.6,13.109761755185533,-7.447735830445038,53.762618252469466
16.62,13.542637167951675,-8.949659018785887,53.901684084784
16.64,12.961574125206397,-10.501711240226786,54.14240943445418
16.66,12.81737888980236,-12.795678648421784,54.06016040063985
16.68,12.88642019716425,-14.16046281330729,54.02230219505437
16.7,13.211065373656876,-15.860808148710646,53.78482564902086
16.72,14.070107627428278,-18.30631589160747,53.70760208321636
16.740000000000002,14.256920721683482,-19.447403757217447,54.45727643653814
16.76,15.019464242277275,-21.29092644293884,53.72962886366434
16.78,15.463474233764833,-22.87156598576211,54.23324463439811
16.8,17.274088697377042,-24.625279129458242,54.060583430691096
16.82,18.363855955138753,-26.660222348262952,54.128273798793245
16.84,18.649518469180254,-27.49922231429963,54.09577553393132
16.86,20.292771906268587,-28.785542357636707,54.16921195577477
16.88,22.031913893474247,-30.53919344546532,54.40232271751678
16.9,22.60530908093422,-31.527681040551002,54.23115507664644
16.92,24.320883043116204,-32.64707443635771,54.32124764917879
16.94,26.232586052943294,-33.19621299408337,54.310376525005296
16.96,27.229745638004054,-33.12186530755274,54.45199055790076
16.98,28.419897152360537,-34.273854696715745,54.02073518322989
17,30.05768860502208,-34.49674828746416,53.8337221695768
17.02,31.902659467634564,-34.201594680201794,54.11294443790903
17.04,32.929104904353125,-34.057537810125766,54.06228157426352
17.06,34.28121182417466,-34.310707991906106,53.96614900383197
17.080000000000002,36.12302473028567,-33.66481003125079,53.495118057520514
17.1,37.13067951545502,-33.548231479545294,54.248662178909704
17.12,37.90286951649452,-32.3774166829096,53.4534145857011
17.14,38.88582948027458,-31.099703046053726,54.14105160296727
17.16,39.93099127434797,-30.307067158201683,54.46128850903368
17.18,40.80133764765111,-28.940172316827006,54.43236898358951
17.2,41.50957167100699,-27.899353736814653,53.971202040226835
17.22,42.05242816580974,-25.761095901112288,53.97350372419923
17.240000000000002,42.65426120418173,-24.62942321215168,54.143139307454575
17.26,43.39005485322316,-23.644236603662108,53.42290035019316
17.28,43.61550499516665,-21.903698375526556,53.806164925227286
17.3,43.47464389110064,-19.85132666632041,53.36847492255093
17.32,43.69614991754234,-18.274501971492935,54.28826749152777
17.34,43.33892499824896,-16.49675345788411,53.88749812717769
17.36,43.10647989216908,-14.541912967335595,54.05598118506679
17.38,42.04140905054348,-12.29293171739994,54.074107206043415
17.400000000000002,41.8083333963413,-10.919645997960416,53.9526560970377
17.42,40.78848508397264,-9.864031117094402,53.64403610490358
17.44,40.345370208408525,-8.05119855699785,53.908654740453414
17.46,39.85174735392103,-5.806499628549332,54.06844792021486
17.48,38.39080718723674,-3.960505192365096,53.885604968589334
17.5,37.614254742740776,-2.9456069103992473,54.42479685893241
17.52,35.72023642151032,-1.3438990414176981,53.963744521106555
17.54,35.57239094825051,-0.3510463680859903,54.08081294877286
17.56,33.31457748932465,0.06856449563414024,53.37637113704173
17.580000000000002,32.14224611285297,1.677323890880082,54.42858468991629
17.6,30.38435587971005,2.4927020074958843,53.457912738851135
17.62,29.657003080441243,3.18017825034916,54.014974136364515
17.64,28.194842672995094,3.8789802642389244,53.945056679367774
17.66,26.299818187076205,4.61325157055415,53.812475397294705
17.68,25.06362117875934,4.455470795415847,54.25960946159204
17.7,23.395370039597577,4.2746550369361,53.84606679269177
17.72,22.660441134021305,4.482395689908117,53.756289472561086
17.740000000000002,21.01692694329444,3.8371226297989285,53.979254430494265
17.76,19.639564033113892,2.913601465208705,53.97908793217234
17.78,18.812143208086372,2.6418085148999992,53.95916279808024
17.8,17.499792001600124,1.235022564055738,53.806756343826
17.82,16.680670054484764,0.8728781638828131,54.39995062774886
17.84,15.510934005804575,-0.4577316893759722,54.67501189534647
17.86,14.604855303124392,-2.028980537176249,53.95685314429482
17.88,14.118231252715919,-3.1480210754719344,54.13974826450334
17.900000000000002,13.980331531729286,-4.7665251136968685,53.48013182066239
17.92,12.866993012477419,-5.905928293147152,53.702468224901445
17.94,13.087801820065739,-7.234328861961617,53.75849260700269
17.96,12.213976986796013,-8.858385842348323,53.98691670367364
17.98,12.198314529602882,-11.579742997900759,54.044186620147755
18,13.148779945637438,-12.603167678296,53.823833795936466
18.02,13.084297054520103,-15.007683266779514,53.976736445134726
18.04,13.342966271130972,-16.450278775880363,54.21014470648264
18.06,14.195391260897038,-18.305746878464934,54.55003473909318
18.080000000000002,15.048580824899556,-20.543525072484808,53.81619442657987
18.1,15.297330914423755,-21.73369227332247,54.515296620572535
18.12,15.9693861637921,-23.532288879007552,54.136991495190045
18.14,16.61392628602306,-25.207631192769576,54.012258052034674
18.16,18.355236108322384,-27.137716072177568,54.385617782875606
18.18,19.080874191515253,-28.203422376853485,53.7489288399247
18.2,20.945763542245604,-29.330654337594112,53.85954237351918
18.22,21.821014465687988,-30.71965068428004,53.96465219031028
18.240000000000002,23.735522180876362,-31.84085068883772,54.54696481343235
18.26,24.408269205581085,-32.526045530699555,53.62379986330051
18.28,26.170045385823776,-32.885364468463806,54.09557548062885
18.3,27.356302220937607,-33.45669370868121,53.95088760501913
18.32,28.949368416964326,-34.04795173172669,53.852110244978306
18.34,30.065592617055653,-34.233552770794674,53.72783086843441
18.36,31.54185428734364,-34.271285765219766,53.876034679899696
18.38,33.3191556237258,-34.340793229553995,53.90400190881078
18.400000000000002,34.469254837852084,-33.878387743031006,54.2040769555217
18.42,35.797641881086875,-33.19810641386975,53.956114949505064
18.44,37.54212646017272,-32.671239383107434,53.53563813412775
18.46,38.18597945378935,-31.71372661083535,54.00405000383821
18.48,39.167150780824294,-31.15870340498744,54.53174593046878
18.5,40.0702909607253,-30.880590950080673,54.18315089954349
18.52,40.9050533608171,-28.739106026308143,54.14591901490212
18.54,41.65244194477626,-27.283519139832695,54.19735956120432
18.56,42.39872465105704,-25.626476195566326,53.961312059011064
18.580000000000002,42.4824981578738,-24.446006987038174,54.36392419208812
18.6,43.278489073624584,-23.088532815047337,53.49845811905994
18.62,42.6221434639186,-21.25739868426504,54.448811846826025
18.64,43.43712558720267,-19.10560760162402,54.55768740375801
18.66,43.5770718581399,-17.43494142467088,53.89474668161811
18.68,43.06289828526157,-14.945104657155936,54.22510741222359
18.7,42.791345667995955,-13.684950898391147,53.61331976615182
18.72,42.32440620721974,-12.189404421307835,54.40259162586318
18.740000000000002,42.04759368296607,-10.275080071113607,53.86416372609875
18.76,40.898296949101734,-8.84730818000064,53.83909916945686
18.78,39.76603803559169,-6.943650407438849,53.99087282687135
18.8,39.21252657979561,-5.012749630787605,54.3921338473844
18.82,37.46797282875045,-3.9350309032564468,54.171324861109206
18.84,36.729457765370995,-2.56059116469242,53.978349976605884
18.86,35.428832409064576,-1.4436106535041358,54.523544760205546
18.88,34.096639096952195,0.12403482133177413,53.446677856222834
18.900000000000002,32.92971595515411,0.6878022710303107,54.30558274136643
18.92,31.62670659119349,2.3020120226368608,53.61291979547552
18.94,30.280426590253935,2.7276904707010807,54.366015783756566
18.96,28.895455585534105,3.183320715230952,53.90625132126282
18.98,27.510651476042717,3.6611055381688846,53.678169870355745
19,25.88239692407335,4.218095203331137,54.53422567832525
19.02,24.61286542802666,3.9379864593051703,53.613615602275885
19.04,22.585927203338724,4.114666803738533,54.311602195379145
19.06,22.00780506187562,3.4139909603507377,54.20376702827452
19.080000000000002,20.799120570130942,3.836996950388734,54.086058583028056
19.1,19.231847817634826,2.860257173233947,53.979279451649944
19.12,18.235061812744483,2.191596462266588,54.02937882335085
19.14,16.94204928102988,1.4490747870655465,53.69730358456008
19.16,16.134890859752673,0.4525535512584167,54.016269870382786
19.18,15.426811102972483,-1.0406074823232156,53.75218720976181
19.2,14.493623879569736,-2.5100370589419327,53.82842294870039
19.22,13.706086605141195,-3.4226233699528255,54.11054988537445
19.240000000000002,12.937571059563783,-5.177303695821877,54.083376004231496
19.26,12.798539029133753,-6.34601000844367,53.855490643114564
19.28,13.299290562499746,-8.612965125661834,54.09103447693783
19.3,12.52881331078046,-10.04795345450039,53.48459394943552
19.32,13.05588590182758,-11.537532108509097,53.9066531041713
19.34,13.044942497374798,-13.511027481765373,53.94343585279769
19.36,13.517939355762541,-15.251460489771645,53.302978901719044
19.38,13.184902895265799,-16.922907425812074,53.822271728400025
19.400000000000002,14.015745353406492,-18.96326568764181,53.50284748574228
19.42,14.920301859187424,-20.761183714252674,54.01869914947137
19.44,15.279554531747145,-22.490634953490737,54.56735944259523
19.46,16.804437712773524,-23.917994821804825,54.004924504143716
19.48,17.770034322387367,-25.723207090814654,54.222100052060995
19.5,18.761997779954342,-27.207633557364545,54.42926917931439
19.52,19.856815600012293,-28.11861223545055,54.205923684752534
19.54,21.770385468464283,-29.51518873428342,54.171256162554876
19.56,22.5671464409162,-30.815921361887977,53.86378230427135
19.580000000000002,23.677194894586208,-32.26022138345841,53.98844951422937
19.6,24.835964460357054,-32.481264316813146,53.820616227351024
19.62,26.78422512823116,-33.533781017509405,54.21259956320825
19.64,28.726951343854072,-33.58556754326064,54.014449525270294
19.66,29.911137843529687,-33.636954119193476,53.900099527436595
19.68,30.879164359328982,-34.30357937203807,53.723475371690554
19.7,32.70003176567628,-33.61282802225701,54.2398737569366
19.72,34.4205876056104,-33.9384953111546,54.18335826940687
19.740000000000002,34.70940690642172,-33.35675324446894,53.877229124098434
19.76,36.38459833771434,-32.46368034923809,54.55686268225559
19.78,37.30906999110076,-32.646044864965845,53.70577023367885
19.8,38.15094029979183,-31.761885605792507,53.58719290579414
19.82,39.67708740042387,-30.77996294994297,54.3053991103958
19.84,40.504484624815255,-29.808062568463477,54.048958098645734
19.86,41.94360508403577,-28.283619843720885,53.976758919790036
19.88,41.81998813602746,-26.60853656866282,54.30072741688491
19.900000000000002,42.30923059563037,-25.395728343320805,54.14604624949057
19.92,42.963057772173194,-23.667837365237084,54.12925069092048
19.94,43.575453676336096,-22.59451301990883,54.1160062950614
19.96,43.66095785465154,-20.956239335318834,53.81555941561
19.98,43.20649264481803,-19.162037550997884,53.87650717860528
20,43.03160340490623,-17.22963511639166,53.722204600141396
20.02,43.063725794759605,-15.4098321960156,53.68351656325222
20.04,42.69217113461118,-13.50738487024627,54.20032604896823
20.06,42.39099503364534,-11.988584919958134,53.93080873167169
20.080000000000002,41.22524101058994,-9.817039978048445,53.731315942621826
20.1,40.355666581977324,-8.12986146799674,53.80269937467022
20.12,39.83141777367248,-6.358630945068791,54.60650623112223
20.14,38.95002193261963,-4.762777966472052,54.32226672162913
20.16,37.39643748708783,-3.189032179378339,53.8917210973501
20.18,36.661534176767276,-1.734563241967649,53.944180213039864
20.2,35.372077476515564,-0.650965648684954,53.668884478156215
20.22,33.79560404381522,0.05685104264013319,53.847570242107814
20.240000000000002,32.422421456647946,1.8525148272376182,53.67975510954752
20.26,30.69113776347404,2.183363786063131,53.992359306713226
20.28,29.608797099441034,3.4897828660746164,53.45016528300356
20.3,28.08301415412425,3.696562662499767,53.882084790745196
20.32,26.820127988180552,4.33454054632327,53.49598431846745
20.34,25.3717672154159,3.9821801214549826,54.40571758071858
20.36,24.16598519139417,4.0192838408685905,53.771789370876725
20.38,23.252130037022873,3.907672910855906,54.10283998251934
20.400000000000002,21.375914446976743,4.27153059022441,53.665930230688616
20.42,20.13511762429304,3.40206949110833,54.43199241485438
20.44,18.389854360561166,3.134966979821412,53.87316908760656
20.46,17.510186768884807,2.1852983650688724,53.81336142454217
20.48,17.110870239846495,0.8812166925606633,54.341160624766026
20.5,15.60916396245787,0.1348392922582189,53.8330034545921
20.52,15.28684801033387,-1.490597683027696,54.01282468564368
20.54,14.599919924633554,-2.73306365740876,53.646030841324475
20.56,13.68451508121726,-4.2073467819165575,53.958081046285145
20.580000000000002,-12.03715415960535,-15.79514982583839,76.57295341882619
20.6,13.542934075253758,-6.957747857371754,54.19495685472252
20.62,13.001563560810167,-8.568369433238843,54.03730011817877
20.64,11.866216789077521,-10.45548278681466,54.354043598263296
20.66,12.583895333781333,-12.720782723066801,54.15750713712719
20.68,12.499238789829189,-14.818720158057838,53.59996873294077
20.7,13.104846184437818,-16.238295399071717,54.24123550075768
20.72,13.728366736181107,-17.45845650379759,53.62083397174718
20.740000000000002,14.598180407444858,-19.752698959021313,54.02583417201266
20.76,15.112587440499002,-21.210966042938107,54.89885225632923
20.78,15.587834672349727,-23.36228333816998,53.890471289388614
20.8,17.03636645321421,-24.849576147448325,54.21579885103421
20.82,18.209065590061304,-26.085429806494073,54.10869246504979
20.84,19.00833171710045,-27.814492934072465,53.92842262342748
20.86,20.001688621432333,-28.64307486761068,53.450726052531635
20.88,22.021654080400765,-29.912893056264046,54.17136917294329
20.900000000000002,22.90373381298568,-30.420786344274816,54.153038607223294
20.92,39.81767439717971,-28.647591920322075,38.685419193308775
20.94,26.005305973001178,-32.84226758118804,54.282531396063646
20.96,26.82851471860401,-33.56667782058503,54.6453798498182
20.98,28.53146589179449,-33.997192427611935,54.65434977175804
21,30.021478047278542,-34.24981424915099,54.283381910141756
21.02,31.415320274955032,-33.757871667798966,54.00172498228915
21.04,33.00435497623083,-34.371380176484514,53.75761556981559
21.06,33.70735785562044,-33.831611191686186,53.757081076431746
21.080000000000002,35.30529004710287,-33.30201954238809,54.39550871269418
21.1,36.15815883645171,-32.2464982160632,53.94491759462474
21.12,38.031422883932144,-32.708406407833564,53.59516371918065
21.14,38.78470045817561,-30.913445422209826,53.63738566939066
21.16,39.70276072772346,-29.94044954429381,53.92856549204452
21.18,40.8330814171955,-29.046777413056553,54.20466733938528
21.2,41.2319618901872,-27.662528237626283,53.89730578396922
21.22,41.64962715186107,-26.698008710548464,53.85661712195504
21.240000000000002,43.77199305368712,-24.50314332946852,53.97242924799585
21.26,43.159485947213966,-23.883520167425985,54.26618810227343
21.28,42.82922543266122,-22.066834509264606,53.609354339615166
21.3,43.54031931905213,-20.027611553794785,54.202692823779
21.32,42.76228820516148,-18.526797976813974,53.98245829237258
21.34,43.067720462788515,-15.928869566478536,54.18473043239947
21.36,43.10572414422735,-14.659214566657898,53.77092554105006
21.38,42.57860079747861,-12.775728049914834,54.212645051826975
21.400000000000002,41.26627298434733,-10.810279385799902,53.83977073598458
21.42,41.02023386894268,-9.811624546218003,53.821738833068025
21.44,40.269695219584165,-7.148953165807286,54.11442711324034
21.46,39.62623293063345,-5.637382199123584,53.90773716011657
21.48,38.294948983477134,-4.39473486071782,54.11509725920456
21.5,37.3846067358585,-3.403035038704795,54.38008388708226
21.52,36.14244767400275,-1.0960218048895811,53.5566130843403
21.54,34.798264314295494,-0.06459649196526307,54.16580676345082
21.56,33.68346108526926,0.6545137788257893,53.7915149673244
21.580000000000002,31.645061740619596,2.312326080126841,53.95145664572913
21.6,30.91965610293477,2.2500299215720077,54.712646076777894
21.62,29.425635730285652,3.941861914619004,53.97108298427802
21.64,28.325776648786853,4.14351623663846,53.90553095577687
21.66,25.88499553458294,4.203840620055095,53.86289943594277
21.68,24.949406281615158,4.252428798930204,53.95799659230257
21.7,23.73121560584611,4.105249066724856,53.97565954337176
21.72,22.266749471581235,3.7624250072474847,53.90867274293734
21.740000000000002,20.941503230473934,3.6353708544768253,53.94798570362347
21.76,19.54877169724957,2.937241975094194,54.26372838982134
21.78,18.601989413543084,2.841364289999568,53.89799996512118
21.8,17.55986762336762,2.181029566831418,53.998792196226304
21.82,14.089916383374888,20.590767280052354,73.71499620038985
21.84,15.833453649361381,-0.5288712983111772,54.28181393407053
21.86,14.52497391638503,-1.1470277634049317,53.895834309427364
21.88,14.054902417879948,-3.1401988332077106,53.99779526402771
21.900000000000002,13.963580148968633,-4.355057257285759,54.47552318718361
21.92,13.040287468689124,-6.19659815383622,54.19515598870426
21.94,13.579789493519755,-7.586672348418114,54.08094631067856
21.96,12.108495778737158,-9.191879232213367,54.00322827656075
21.98,12.728830688448499,-11.504144584003832,53.71693113604476
22,11.91815122614906,-13.34358401617514,54.05740699493609
22.02,12.90268382904608,-14.529238619774283,53.91233439908291
22.04,13.252486581099559,-16.320678318821507,54.00003077682783
22.06,14.300905365354886,-18.514675978667377,53.83162517586258
22.080000000000002,14.026188639417715,-20.318871587733305,53.82092812902802
22.1,15.356812315117287,-21.703150070212942,53.550404932768515
22.12,15.841043940433766,-23.625405658745933,53.70130309679712
22.14,17.032403183161527,-25.030674628409315,54.11661354484778
22.16,18.115848558898225,-26.610322000793296,53.58156674533191
22.18,19.589518303662576,-27.9108100459585,54.36886155076545
22.2,20.75982621789769,-29.77683237230515,53.69620297039756
22.22,21.84769712576128,-30.394447331489012,53.28593675431658
22.240000000000002,23.39443134844913,-31.773922989523378,53.504087289587595
22.26,24.509257854804883,-32.104231702696154,53.84184479692851
22.28,26.4794410094107,-32.941595543016874,54.19070806136107
22.3,27.41171675231071,-33.968028189599345,53.813595063934486
22.32,29.007573008601344,-34.044953515819415,54.34310766632908
22.34,30.622456882750548,-33.99747073742755,53.73004724743047
22.36,31.446705992893403,-34.63038018218866,53.905556230062906
22.38,33.20830384106178,-34.62803952496111,54.16910024048006
22.400000000000002,34.88794684561144,-34.613274785398154,54.58676726053315
22.42,35.60081995053741,-33.423166108590536,54.18115936195572
22.44,37.000410301285015,-32.70108642096955,54.16616858006016
22.46,38.810710444167505,-31.70554173314802,54.09861237264856
22.48,39.472662281861886,-30.980047368560882,53.358117059841554
22.5,40.28436334311542,-30.191050394856205,53.89033100285065
22.52,41.0815124986082,-28.881996049560748,53.893363941013675
22.54,42.14771462395849,-27.8970590029913,53.88809878844786
22.56,42.980042090230825,-25.94328465767356,53.965149799742946
22.580000000000002,42.849698410031394,-24.570600613593506,53.696724387681215
22.6,43.17298828178792,-22.83274810213671,53.77469739779318
22.62,43.19065221464902,-20.817418719970064,53.74707313275299
22.64,43.268301754225206,-18.984577174488045,53.92348520385098
22.66,43.76779586933993,-18.092589894368523,53.91325750769892
22.68,43.10036057826707,-16.003795847819507,54.220926868825785
22.7,42.61966532913158,-13.975029857628261,54.183274703416494
22.72,42.35667439733375,-12.7567128962994,54.18203990539536
22.740000000000002,41.3925213711794,-10.221174754719222,54.0797896408257
22.76,40.38377387858806,-8.627425670506204,53.636804095599835
22.78,39.90893856098276,-6.829976283137107,54.24107550174202
22.8,39.647972451951546,-5.38134906207517,54.19991552065508
22.82,38.2562614419989,-3.7686391115152365,54.197725655086195
22.84,36.668588244490934,-2.3710620657788795,53.35521892770353
22.86,35.69034015241244,-1.3433414217485868,53.85032078492972
22.88,34.14403988291543,-0.11664253791682277,54.17550708853385
22.900000000000002,33.31034871164228,1.1942528536440857,53.79101990800492
22.92,32.089391645546556,1.6593482876054786,53.71846224876021
22.94,30.190478090758617,2.4657028005218358,54.2613735152398
22.96,29.036426730787987,3.689720351769468,53.827888188780776
22.98,27.570941536823472,4.095563947216748,54.57192060119214
23,25.5935965766519,4.072938635692459,53.27197853973898
23.02,24.74890395362461,3.7487866115989394,54.45533351481514
23.04,22.846311871846545,3.9714165679158917,54.0133744189465
23.06,21.725457787906418,3.6713965902566823,54.51070021559513
23.080000000000002,20.742810296029525,3.6586312344500804,54.19931877474848
23.1,19.153612552967555,2.7059049479676442,53.86732836881204
23.12,17.871484005419642,2.4342458126745345,54.31798701928675
23.14,16.920516520671764,1.5436779434226917,54.51848375199868
23.16,15.499157647199272,0.35710241902052964,53.76053417398975
23.18,14.787713212114241,-0.4485073443394505,54.420008973165714
23.2,14.063258550100477,-1.8473011898387721,53.36489142150245
23.22,13.63734371066776,-3.0915872604890655,53.8573116836551
23.240000000000002,13.226066743570243,-5.331670075746009,54.14277149887875
23.26,12.352309582729875,-6.6703380287904,54.8594522977653
23.28,12.145626193758705,-8.069453113789834,55.03135909488634
23.3,12.457437820201484,-9.988997050604251,53.874891754734016
23.32,12.715257342107295,-11.915825506494752,53.528216026934665
23.34,12.978607506063643,-13.844131315104605,53.942419213452204
23.36,13.045963950622301,-15.29688663541801,54.187619142198535
23.38,13.64168289220806,-17.06603050912271,54.095406578792264
23.400000000000002,14.174765058945647,-18.793629675560677,53.838417546774444
23.42,14.6706131054701,-20.51371244055206,53.604059955552266
23.44,15.343915629482,-22.255673118350956,53.87278595641056
23.46,16.695073056928578,-24.0160982792994,54.12066773375114
23.48,17.623282314224458,-25.891636185294615,54.164953151374796
23.5,18.39203009307103,-26.83031777837328,54.570565936686506
23.52,19.861803210794612,-28.061226120277006,53.72062665137622
23.54,21.526020942789316,-29.60873730149998,53.77979246314331
23.56,22.36883020343313,-31.121837041099266,54.28148832802106
23.580000000000002,24.133211509956272,-32.122869583666784,54.23709379437524
23.6,24.784453269981,-32.670016523091675,54.50487933250295
23.62,26.69682453313809,-33.34266012197083,53.648395005960595
23.64,28.47601122070804,-33.989226563587245,54.43360001169626
23.66,30.16005883669125,-34.43716827817461,53.35558391128302
23.68,30.62717555818042,-33.93606753568476,53.81148824820304
23.7,32.77729265136602,-34.237520696918665,53.988979164268024
23.72,33.94782549835579,-34.57478099448612,53.832834337374464
23.740000000000002,35.278487615797886,-33.975721119571055,54.01553550670267
23.76,36.02843684628279,-33.077663592767294,53.71644215755591
23.78,37.1506835105653,-32.799399462212115,53.77298313885643
23.8,38.466289359460006,-32.03293325830499,54.03904613503235
23.82,39.543073175107395,-31.38202297536495,54.525454308648264
23.84,40.18318726237125,-29.672382155428203,53.89439546037803
23.86,41.58611818834723,-27.792606688393914,53.750050058399495
23.88,41.75671328885318,-26.845659612567246,53.82651095081271
23.900000000000002,42.67910648674001,-25.54634300919012,54.10129080658783
23.92,43.05197254635075,-24.148599212565657,53.67343304148534
23.94,43.28302252099954,-22.147925277841388,54.117168275349535
23.96,43.70220050316716,-20.24484149992022,54.058182337958016
23.98,43.40504018585901,-18.934193682882512,54.27180463368554
24,43.71869022937824,-17.112888866551334,53.827654115842314
24.02,42.476841358283856,-15.05947426491974,53.98184164788627
24.04,42.89556750803073,-13.322665482256738,54.16159312177386
24.060000000000002,42.548741942383096,-11.53126564076607,53.923060727346474
24.080000000000002,41.76075047636613,-9.438600758579508,54.386382283604554
24.1,40.59475880164318,-7.805276265910542,54.015208464934396
24.12,40.066384370224704,-6.3921771088176484,53.84421558449082
24.14,38.53695331299926,-4.5958230364436865,53.45194382484453
24.16,37.85321174507415,-3.353146355331459,53.60909381348357
24.18,36.26231620870158,-2.3711597408592517,54.1863253665565
24.2,35.10065135126774,-0.5551460427065855,54.61139507793219
24.22,33.5601233900123,0.5218478217192768,54.097432813636516
24.240000000000002,32.473903747251114,1.494468580604762,53.67860993927836
24.26,31.669131074000042,2.3533009613185474,53.74423501500431
24.28,29.384772060675733,3.4819153109189696,53.47337514146938
24.3,27.943865435891553,4.1548745742940145,53.68442637511881
24.32,26.710042650442595,4.02237782504219,53.78506403830856
24.34,25.42504878136699,4.646173835740502,53.71752038280589
24.36,24.52000907825554,4.1917023351442975,53.5518043901326
24.38,22.723916827926168,4.1401177206348,53.68443645101866
24.400000000000002,21.048754269636408,4.428682773078247,53.321272334668286
24.42,19.763611584582918,4.683626746923995,54.45663895712609
24.44,20.595862957373097,20.843820645768183,58.46049243948059
24.46,18.19643745760551,2.0507859274245632,53.812201640320225
24.48,16.726808894338816,1.0565198823415276,54.019319278036185
24.5,16.055183131708255,-0.011358662903811378,54.20014341781833
24.52,14.898127594158261,-0.9273993754021852,54.026068655861614
24.54,14.609577205900138,-2.9423213730789897,53.87458704221838
24.560000000000002,13.56491738269754,-4.015268820449181,53.33557372798795
24.580000000000002,13.516342115824258,-5.2345113231068865,54.26674033502248
24.6,13.02467878707271,-6.735048785285651,53.95756828244561
24.62,12.889968847263345,-8.714356100634557,53.92240293340717
24.64,12.812180966177692,-11.191518287243465,53.73165210624467
24.66,12.625603354551426,-13.260229861769453,53.66971232675063
24.68,13.261433369486753,-14.011781579638367,54.1383712332208
24.7,13.7164351147327,-15.863346281207317,53.95609901030883
24.72,14.053000454524778,-17.97416412517279,53.592948163960216
24.740000000000002,13.837584235998705,-19.36888269936631,53.78209884722281
24.76,15.169646473182635,-20.946302730858385,54.54647136996336
24.78,16.160890012894832,-22.80486324381615,54.45872327277873
24.8,16.139851551820367,-25.03698943008184,53.75229838160382
24.82,18.010077219255074,-25.570393965654638,53.118269082901264
24.84,18.717474024798445,-27.059737412250243,54.29850084924322
24.86,20.13071535009999,-28.575526788704174,54.19576142468081
24.88,21.807893932796148,-29.79880635329043,53.97966823722721
24.900000000000002,23.415919456039944,-31.4270076502105,53.94356649098376
24.92,23.712270483873937,-31.955869749180714,53.61975476202757
24.94,25.30673110644738,-32.98543493257894,54.07028005335024
24.96,27.304583300784014,-33.58502653249462,53.85223781636327
24.98,28.55510588737003,-34.133768743097846,54.16235332856226
25,29.588305167857463,-34.39987878680972,53.94709433229451
25.02,31.439373615096255,-34.02123108487562,54.20285389504858
25.04,32.803058307499334,-33.89770258771915,54.07083534957363
25.060000000000002,34.2496385395024,-33.84775334971954,54.497694260665035
25.080000000000002,35.59622794960343,-33.41676823890809,54.4276025755411
25.1,36.651181551205994,-33.00532308027104,54.01248204275993
25.12,37.951426459202615,-32.49137033662333,53.90287709215884
25.14,38.73421663537376,-31.219913880608605,53.762169561242764
25.16,39.667841172932846,-30.15346880970428,53.56200603632663
25.18,41.15066221206047,-29.042161517056012,54.17208283348167
25.2,41.153536264043034,-27.568814677395018,54.12120931877958
25.22,42.093023121686116,-26.72254282660591,53.63509742219003
25.240000000000002,42.28815079474498,-24.55007693935611,53.56843420490523
25.26,42.785898022614916,-23.3647834864047,54.47489376884473
25.28,43.263788145605275,-21.634565044044734,54.214428397013066
25.3,43.99157872531195,-20.090241952899675,53.85025260361884
25.32,43.7355773945873,-17.864918664109712,54.09894699936329
25.34,42.85755444314615,-16.482826095670095,54.38982279408252
25.36,43.050442961721814,-14.466992242346013,53.8052530388111
25.38,42.52288998093806,-12.959275631739896,54.034199867654
25.400000000000002,41.544198424719966,-11.316529414098683,53.725356327565656
25.42,41.181006920865045,-9.237984944901498,53.362240589107905
25.44,40.26648625370248,-7.77080006327613,53.92900050095116
25.46,39.51858472154461,-5.760275883187214,54.65862099306861
25.48,38.2713810837366,-4.4681979041425794,54.162654927569704
25.5,36.830952748894966,-2.925213929293877,53.609028296746175
25.52,35.83399644430948,-1.7696763206682196,53.94912267288623
25.54,34.232330394022455,-0.5744850419454242,54.10406090033239
25.560000000000002,34.11657639493453,1.272347812218774,53.87517740225774
25.580000000000002,32.128420480998656,1.8461653271043676,53.77558789099089
25.6,30.516988602243362,2.5426484170447985,53.732914599111524
25.62,29.57034142672754,3.2988573218304484,53.814396563017894
25.64,27.64634097710475,4.0234663445176295,53.89006291534498
25.66,26.30031658266026,3.7173710994065043,53.91067336125028
25.68,24.87262902181717,4.4263881236937515,53.96911587066202
25.7,23.739189637677487,4.7686850805035945,53.86108378164163
25.72,22.260913900521796,4.2423836673578155,54.13743001852787
25.740000000000002,20.825030782825888,3.774491697806406,54.26283772164528
25.76,19.43140082799837,2.8105459596620985,54.1612121680773
25.78,18.711032141950774,2.7584213457422333,53.37178186382462
25.8,17.0070523460189,1.5975624184395123,53.80151886059417
25.82,16.361155071249957,0.3411085321973495,53.85428490502433
25.84,15.764207166515764,-0.47182038291371065,54.52831772081208
25.86,14.94261463162201,-1.694215870497425,53.873716001797575
25.88,13.94873794578626,-2.903242764947864,54.297569160495456
25.900000000000002,13.733953005474874,-4.7354426926278474,53.75101682702445
25.92,12.960985955039016,-6.087628327657395,54.09841978396424
25.94,12.819305640320792,-7.133940447890846,53.68472030630492
25.96,12.884259478767564,-9.193588993152606,54.100208706481915
25.98,12.823475666502983,-11.675945637664121,54.28095060726332
26,12.533399840476807,-13.3843373025727,53.9940703346018
26.02,13.423013922342378,-14.96170198189534,53.776751650836005
26.04,13.657788156269145,-16.45382111298388,54.29549325982042
26.060000000000002,14.536916504191693,-18.942651013659777,53.885708390131306
26.080000000000002,14.284053452825415,-20.38064434614861,53.890791566595794
26.1,15.41603952855216,-21.636113417982422,53.84624961709121
26.12,16.757815512919638,-23.700141528991537,54.41691568028963
26.14,17.843897780751558,-25.250688439481216,53.99100185329098
26.16,18.551517674615233,-26.61647147290641,54.69615745376756
26.18,19.22753480778327,-28.003469959953357,53.86437774069281
26.2,20.395032370926813,-29.5593078825243,53.50262112057496
26.22,21.514277332167577,-30.604133563025123,54.09444444548837
26.240000000000002,23.025459749682312,-31.777811412312268,53.70628759537519
26.26,24.59069325711843,-32.38943970528149,53.71006178755898
26.28,26.28728474153909,-32.95422351765799,54.32779787851203
26.3,28.000771081847866,-33.44026915761856,53.696656452787956
26.32,29.28585529118703,-34.47849410770702,53.812132936802
26.34,30.46713027881629,-34.345246135594394,53.523735376634
26.36,31.86373497299849,-34.38534943509903,54.00200464194232
26.38,33.80309059266759,-33.95075520243422,53.586686314236495
26.400000000000002,34.26817019033237,-33.96918918369968,54.1289337477196
26.42,36.16589418303094,-33.14405786014075,54.070511914002296
26.44,37.07451638565995,-32.82536076516701,54.24984125390315
26.46,38.51975003622375,-32.0248737248614,53.84801137856475
26.48,39.215241867441705,-31.453772014448905,53.95189333845686
26.5,39.97953199437206,-29.95615774253141,53.77564951103175
26.52,40.638867945973885,-28.56319717701158,54.32204506447903
26.54,41.306972199733096,-27.38227953759336,54.10513731521483
26.560000000000002,42.015339734059005,-26.666307650934783,53.59030759438657
26.580000000000002,42.99150627959184,-24.003826112962507,53.911652714546236
26.6,43.17900400335602,-22.33847633360189,54.34102113968795
26.62,42.958456131656845,-21.06230715161806,54.040958319074925
26.64,42.614779525481794,-19.639199711499373,53.83519491019875
26.66,43.28238803790937,-17.379609928104806,53.739740295232686
26.68,42.855481908313095,-16.405695696293527,54.275286323723094
26.7,42.86297165609268,-13.70674374440448,53.76268211937027
26.72,42.60173745125074,-12.6610761979341,54.50633130377754
26.740000000000002,41.34588514966817,-10.181569172910805,54.245381624897185
26.76,40.88298447029213,-8.660828921147258,53.68465180513673
26.78,40.11174885665435,-7.049674676095151,53.55850255839424
26.8,39.40366361813847,-5.037685143566112,54.619604651237125
26.82,37.75099845667742,-3.482918108478211,53.73490213837139
26.84,36.83343561872399,-2.2435557021704007,53.746849796841
26.86,35.43898605924315,-1.2098033650339595,53.48328277867357
26.88,34.3180305617571,0.4766111779725044,54.203224914054694
26.900000000000002,33.39844595126314,0.995960611626673,53.4231034905693
26.92,31.6564256889049,2.04492937637181,53.9636579050626
26.94,30.4778013072555,3.1535054763563437,54.119471659641036
26.96,28.979504080965576,3.710436345441167,54.20662707521691
26.98,27.437998995425254,3.8600575640422043,54.023013120216625
27,26.20899939014686,4.575214052665933,53.876933344804335
27.02,24.377972954783484,4.364856043358751,54.625007917037394
27.04,46.87657914436026,20.74748325282577,50.03067783040752
27.060000000000002,21.44110386474492,4.583968575024334,53.657842383191536
27.080000000000002,20.25049305997902,3.7494062151642247,54.10118454707395
27.1,19.15084236157698,2.983023820071219,54.40567010303762
27.12,18.41538498899421,2.319801075099848,54.22660484879229
27.14,17.187527920612858,0.9444153232507482,54.064572658197534
27.16,16.180793392972653,0.1629106929617219,54.57084763683141
27.18,15.3631143130022,-0.755519977002713,54.14047012856929
27.2,14.61951563463627,-2.038988300153795,54.04410481060458
27.22,14.038779445361467,-2.7030788804844708,53.865762508663586
27.240000000000002,12.899235293952943,-5.019193105866844,53.65071368329657
27.26,12.678732127548425,-6.7126816768609,53.999746403264034
27.28,12.974649881947784,-8.760834781208937,54.06121866848268
27.3,13.33606252424501,-10.212882628008993,53.27298746837445
27.32,12.57085017738627,-12.208252555065132,54.38824923807009
27.34,12.575244672150328,-13.872060298557068,54.50034785806452
27.36,13.347549740645174,-15.261023142819568,54.34676907634602
27.38,14.114130217589043,-17.553494383705452,54.23386725789924
27.400000000000002,13.821023153368838,-18.970805206437092,53.71129879060404
27.42,14.963251463192858,-20.954235902480747,53.852938458951414
27.44,15.25460440496191,-22.53862975737612,53.88119259193418
27.46,16.336457352818634,-24.523815217819834,54.02831369740385
27.48,17.72668899102701,-25.714548038924434,54.05127909340061
27.5,18.748594239855336,-26.94334811039034,53.63728158454654
27.52,19.76723237797741,-28.468347150036607,54.37401594695591
27.54,20.961555889850906,-29.646341775960614,54.18869650326061
27.560000000000002,22.20792169192283,-31.062690858476707,53.62071921079043
27.580000000000002,24.617863540354932,-31.813377031458437,53.98174862265894
27.6,25.262586959302137,-32.873111535891304,53.98587174041467
27.62,26.570801459484027,-33.250952367004416,53.87092258734346
27.64,28.347247006997364,-33.90166562364754,54.61048231721362
27.66,29.288371357248344,-33.88187406767332,53.6403876438163
27.68,31.055016273458435,-34.31528504269146,54.50661211026143
27.7,32.22703746337274,-34.711874560831006,54.59728605047334
27.72,33.46099126107128,-33.66932902477581,53.91528243245316
27.740000000000002,35.174935841128544,-33.83250977622227,54.23843665509735
27.76,36.655865331915756,-33.05451594763468,53.40810659302677
27.78,37.44248875602357,-32.38431513402662,53.611620985267926
27.8,38.43914266464008,-31.572282643802637,54.57750017981682
27.82,39.0571454035617,-30.543184491463872,53.893582706994216
27.84,40.55709732351903,-29.698019340988182,54.56514533950179
27.86,40.91143388757929,-28.08856367393383,54.144135102744976
27.88,41.38198163525223,-26.853867366060665,54.16507393805175
27.900000000000002,42.73228480020806,-25.709776862123253,54.625334629547105
27.92,43.2745208648678,-23.86342694071638,54.1523298002984
27.94,43.320455249786676,-22.05945368726712,54.14692594541195
27.96,43.467017175757455,-20.626468479921883,53.799017796350114
27.98,43.44334230049672,-18.927701935019748,53.66174665240969
28,43.17324939992946,-16.882511807937377,53.757921198615946
28.02,43.014494810458146,-15.275359906500483,53.896278796686474
28.04,42.62138978752341,-13.250152349867413,54.413500655895525
28.060000000000002,41.930033221786154,-10.922757924605484,54.31098897596164
28.080000000000002,42.00418432133257,-10.146601256848857,53.61174747824512
28.1,40.87408573159043,-8.059528651394674,54.13465885817383
28.12,40.129786419896334,-6.49218513290365,54.285015760674966
28.14,39.12037059456895,-4.542345673166265,53.80279773983157
28.16,37.86864563181918,-3.8171151776781613,53.55152419572288
28.18,36.42191903620376,-2.308690291022849,54.04322655232665
28.2,35.70586634183749,-0.5517846695194031,53.88313133881845
28.22,34.24383284477123,0.7526725552320883,53.94175347276815
28.240000000000002,33.29647852149985,1.6072569137198638,54.5943587794599
28.26,31.452656692795994,2.5152655371442165,54.25844539874537
28.28,29.87471238804608,2.982700510351709,54.11129065235942
28.3,28.26537589657214,3.871084445585449,53.786579614567124
28.32,26.741149596126387,3.8202144512157723,54.661618696968084
28.34,25.165104329751824,4.527247789505221,53.59984365913148
28.36,23.935018230027595,4.415409334687963,53.791133323677585
28.38,22.405490484298056,4.248918391355707,53.91032072376885
28.400000000000002,20.876244359090958,2.987580718710692,54.239132615817624
28.42,20.595961345935223,3.2084813656376205,54.220422932894174
28.44,18.37239306408545,2.397184663302353,54.19957955695418
28.46,17.60417858290808,2.1788934585616495,54.25807657711438
28.48,16.77344946730453,0.4567075857539642,53.74933970305108
28.5,15.172112887775027,-0.03738313286594597,54.33422438385419
28.52,15.36566655975391,-1.5378695053896845,53.44033282566658
28.54,14.742952301008977,-2.372059213543496,54.23052286660527
28.560000000000002,13.445663995406868,-4.002976037251248,54.25824167449233
28.580000000000002,13.087572765592373,-5.884225818661834,54.08421062989851
28.6,12.897340070969165,-7.005376857682585,54.18822631854404
28.62,12.908859935712101,-8.525432878170493,54.175472688957385
28.64,11.932170240171796,-10.589505004806831,53.80980702788908
28.66,12.464807012769946,-12.21107285637359,53.958796987874166
28.68,12.461182533553224,-14.696927552640057,54.340697461313226
28.7,13.363993758031103,-16.32950147340331,54.01923099674255
28.72,13.898541961062866,-17.30354733137654,53.86190266154384
28.740000000000002,14.189977680918592,-19.82820031856156,54.107728358092956
28.76,14.888995538093223,-21.18769473644327,53.47597149443109
28.78,15.87012447478935,-23.177997822191433,53.20890671677303
28.8,16.949116019266697,-24.513935458527683,54.17817141301953
28.82,17.79827832238802,-26.043222691023495,54.27740836331031
28.84,19.15494329176969,-28.110778870489362,53.95230239944123
28.86,20.531235415030835,-28.740008255176146,53.83364791076326
28.88,21.350361042538353,-29.959239178110586,54.144755777430014
28.900000000000002,22.533600594466066,-31.356079215691242,53.957332538534104
28.92,24.02381346754865,-31.848264392327685,54.25425542643299
28.94,25.252272919703024,-32.684750955343006,54.064663818228816
28.96,19.255037556103208,-8.848368717449866,64.91116697180394
28.98,28.8599274593298,-33.80618997183071,54.25302167978265
29,30.790217588740965,-34.26228414063409,54.02410516939168
29.02,31.476784152784482,-34.582576838191855,54.21780318707056
29.04,32.945434195379654,-34.85092926734282,54.183607489448534
29.060000000000002,34.52347536104506,-34.03997549792507,53.776516623925545
29.080000000000002,35.658335059982946,-33.740287297817204,53.964134665690636
29.1,37.4488846281945,-32.98224781127978,54.25102479847952
29.12,38.017795829944305,-32.40261195227549,53.51007681929877
29.14,38.905369933265725,-31.169564768385708,54.37885363835994
29.16,40.04908766113924,-30.964686628739106,53.918225443072046
29.18,40.637933736185516,-29.101431293206062,54.07630464852294
29.2,41.59752963066404,-27.930270557991868,53.86980530981511
29.22,42.05050723003662,-25.818177924347353,54.17596263563375
29.240000000000002,43.0246971360999,-24.78363148489231,53.70268590400011
29.26,43.03325019080296,-23.60999421695699,53.98054611161156
29.28,42.97617300896106,-21.498629845826464,53.867273107509334
29.3,43.01954863564413,-20.17547651827345,53.90380822248858
29.32,43.62950709817872,-17.98973734717329,54.244757499527054
29.34,42.91172566010178,-16.58354123936154,53.873408636419235
29.36,42.50864359022354,-14.67653577672921,54.087214604108965
29.38,42.41201734582647,-12.583879197760908,54.27548114884645
29.400000000000002,42.161627533652,-10.902694111675547,54.095416934910475
29.42,41.36789728880967,-9.201597722893094,54.00675102547928
29.44,39.83919838362309,-7.796227213759076,53.95463689474327
29.46,39.584744031547515,-5.541949178538303,53.87942316348656
29.48,38.827861277718924,-5.034018774791152,53.87523223368891
29.5,37.69459581704977,-3.0770581826001546,53.90267424652028
29.52,36.2881048175534,-1.2869940035466385,53.254233324576944
29.54,35.3378705629847,-0.4489025059034297,54.14456215111121
29.560000000000002,33.56911064443132,1.0875243453090917,53.67128717110306
29.580000000000002,31.65573689734543,2.1309459200486778,54.246194295615524
29.6,31.181136053519964,2.134333821068463,53.934778652533566
29.62,29.15077143097232,3.4894934196886425,53.866481989633236
29.64,27.70652494814537,3.3140855886573792,53.740739799539895
29.66,26.91100543908947,4.481930254397392,54.52159314065509
29.68,25.088348555514003,4.211083594582195,54.21923076214324
29.7,23.036628852495284,4.12846893267346,54.00542614202765
29.72,21.894125085243374,3.475458929159334,53.58088632657197
29.740000000000002,20.97343721052672,3.829025426981417,54.235370968074385
29.76,19.500725495200093,3.276934705702063,54.30755450583675
29.78,18.349329486209264,2.0202427349389307,54.03619867744926
29.8,17.744806432319812,1.6602415206785484,53.70455770803996
29.82,16.39398469226022,1.0134497707583474,54.3791606529308
29.84,14.578698804671095,-0.3960496414133736,53.892058770009285
29.86,14.489584424251541,-1.6945494499051907,54.16062007241664
29.88,14.755450960859884,-2.6110919694433363,53.75375492613526
29.900000000000002,13.042510526409666,-4.6152665715573065,54.18656112116766
29.92,13.25811634177783,-6.035326643773502,54.06223695898205
29.94,12.72999801823045,-8.12495476157422,53.76152974917459
29.96,12.8077520334426,-9.228886721080872,53.845294388288735
29.98,12.151276813590053,-10.572118620915962,54.379725257501406
30,12.683147147769057,-12.876688244535412,53.96545808343433
30.02,13.18606347278638,-15.102865615091655,53.12979547812577
30.04,13.564356271066993,-16.46910462091474,53.23149651802669
30.060000000000002,14.272701764610588,-18.60174022889321,54.0269341599279
30.080000000000002,14.453574417409865,-20.674060402121768,53.706659244052744
30.1,15.202139098518643,-21.747895700954288,54.09138703708219
30.12,16.68621902904229,-23.301561327322517,53.836142762047984
30.14,17.391380541154316,-25.572053965443004,53.64128823763875
30.16,17.787779516015917,-26.199198787963383,54.07970892081022
30.18,19.21827770273078,-28.022921605908166,54.21830013379114
30.2,20.37305766269006,-29.253184522705844,53.615129847473355
30.22,22.786753313867543,-30.168879020356833,53.627530955615754
30.240000000000002,23.506898300201712,-31.496899264806444,53.94635847507608
30.26,24.567843808022637,-32.15427793978918,53.37994912381593
30.28,25.904833555663792,-33.47717485522988,54.52245161973079
30.3,27.60401976732259,-33.27315632109704,54.076671646547695
30.32,29.03479439673012,-34.52626692103943,53.94258603022748
30.34,30.91059345747484,-34.78316823567057,54.34066395135931
30.36,32.21918529169748,-34.24787760676548,54.424444542194536
30.38,33.40171582898311,-33.9992002162449,53.796885582066196
30.400000000000002,34.70013100117846,-33.62857607479842,53.70604211190798
30.42,35.73842011778996,-33.702544540171225,53.98794499538799
30.44,36.99425496856924,-32.88457776093584,53.93630067483156
30.46,38.88019018018383,-31.910683763245437,54.050209238227566
30.48,39.27375665369617,-30.757223965487718,54.36878112918316
30.5,39.633992757730944,-29.70779289622908,53.64403327843771
30.52,41.26187908348737,-28.995023410061748,54.37797714586146
30.54,41.750971700117546,-27.710834562733428,53.74572363607359
30.560000000000002,42.29024682499164,-26.53174591426202,53.71558137462295
30.580000000000002,42.92969372746643,-24.608432038783768,54.10991839783502
30.6,43.01352416953408,-23.008419825732453,53.850946246152645
30.62,43.31558880267198,-21.46552290821218,54.02156307843338
30.64,43.63912429968915,-19.46280991577495,54.16498929450968
30.66,43.065944673171586,-17.141198827054858,53.35120523275337
30.68,43.21080572730082,-16.011842630173696,53.43316733623216
30.7,42.58115051687924,-14.578188197232018,54.19873650928007
30.72,42.055148575931824,-13.038420527230963,53.6946824270923
30.740000000000002,41.02829867702809,-10.515226380792683,54.61004600336352
30.76,40.41634452751356,-8.720696294102655,54.55052507450314
30.78,39.7960703094664,-6.375638240051966,53.70057191090598
30.8,39.37136505257225,-5.316832860830878,53.931534106809835
30.82,38.104444153544854,-4.223187222885969,54.1952638348769
30.84,37.27227638885629,-1.7584404423226179,54.22004080290372
30.86,35.107618459612816,-1.2570321684824535,53.63424556087936
30.88,35.13061251398346,0.07734884476174031,53.790631791659635
30.900000000000002,33.145440070677175,1.0104897814556484,54.34984297590782
30.92,32.02368407412698,2.3266530483183274,53.785012822309575
30.94,30.55465068201358,2.8235085318650253,53.797052012457854
30.96,28.82424711235944,3.0750691825123866,54.27355644694256
30.98,27.678170500628624,3.938119319859096,54.195426158776996
31,25.41658632135685,4.305678583059837,54.07507591203943
31.02,24.38173986973646,4.049597163465894,54.10331217907577
31.04,23.041429785422977,4.5274802459151555,53.9448841815977
31.060000000000002,21.492674467174965,4.199984279444854,53.803162814569674
31.080000000000002,20.890830373295056,3.644393549994751,54.191530603223676
31.1,19.113671690073108,3.1177611399443403,53.753817798722004
31.12,18.30182611064705,1.7804693708234822,53.96025292559561
31.14,17.08388023621513,1.204885141483464,53.44309684391666
31.16,16.842085507504056,0.557352660935539,54.168460842753746
31.18,15.042177501308254,-0.8100233641212711,53.78327182342278
31.2,14.96084170841264,-2.4015289627072853,53.818128481452916
31.220000000000002,13.590616114026517,-3.466703690790194,53.325069906226545
31.240000000000002,13.217229601803098,-5.4321473895601216,54.392680713531234
31.26,12.600690273194756,-6.463602839576689,53.999294562433064
31.28,-4.96938000128479,18.509016421205505,81.97901532932971
31.3,12.758717917857155,-10.212394535089196,53.763194477314265
31.32,12.424298325157464,-12.394810559654987,54.23049848299324
31.34,12.795432316617095,-13.465584873789227,53.66753974253966
31.36,13.262079681087451,-14.994444683522104,54.021877169415895
31.38,13.406770113930902,-17.61183924110098,53.90285506712559
31.400000000000002,14.396879400164629,-18.552469558746704,54.035500073294465
31.42,14.829179064694884,-20.934812018240347,53.323318010774315
31.44,15.011778301311251,-22.591045223072026,54.078755814050844
31.46,16.5698461822983,-23.79563910208513,53.77998793975958
31.48,18.226870009150772,-25.216817464362208,54.17469943778867
31.5,18.43415149654173,-27.142283606592635,53.60255739780116
31.52,19.93449394406881,-28.65060167655703,53.971664377598685
31.54,21.219854895390654,-29.30810024433093,54.05811030375358
31.560000000000002,22.566941122242106,-31.023118548329194,54.03682441020999
31.580000000000002,24.150062221684987,-32.03163147937723,54.25163180671386
31.6,25.274329476171474,-32.471093617726666,54.078914296809344
31.62,26.695329296763816,-33.40658946269493,54.678513544815544
31.64,28.11862853942967,-33.88402546730594,53.59276130479335
31.66,29.552534039837372,-34.52346688501298,53.576475089158976
31.68,30.99514643433107,-34.37587610797185,53.535939072899836
31.7,32.12217486215029,-34.25327388315574,54.29289216464505
31.720000000000002,33.79078763337813,-33.97504879912603,54.484392972402865
31.740000000000002,35.05870391911958,-33.56596055223612,53.8292071382231
31.76,36.283992295916136,-33.382813809275554,53.89820264419093
31.78,38.224558178085914,-31.935146946369507,54.27396689146801
31.8,38.7852997644763,-31.505967295992836,53.876550405106
31.82,39.14211849478797,-30.41046948721743,53.894810471183085
31.84,41.198829080615866,-29.872977377830118,54.40702066797497
31.86,41.376194271281584,-28.081652621748322,53.50382992601234
31.88,41.608764079087216,-26.952301053044927,54.145571528822686
31.900000000000002,42.389623219563724,-25.178490687570466,54.19627834607482
31.92,43.045549714099195,-23.652975304918762,53.7314524391153
31.94,43.09917326008488,-22.10506069566528,53.37276943898134
31.96,43.10623457803753,-20.59966075288166,54.42644611979384
31.98,43.390434490860244,-18.417697354044492,53.652308156184425
32,42.90001390731855,-17.445566163394105,54.05153032756125
32.02,43.28916910125317,-14.772759425547687,54.144840220873185
32.04,42.27008296600482,-13.369710589611557,53.859526778481296
32.06,41.8263190122946,-11.734290645034603,53.63404503688292
32.08,41.39799999922421,-9.807740159761224,53.89541097099926
32.1,40.60226019918136,-7.802928354088908,54.00101042678689
32.12,39.706674217515754,-6.491795634599418,54.07437945423
32.14,38.68458201307838,-4.573747510285063,54.44986575554175
32.160000000000004,37.27060650610518,-3.3737618176332784,53.972759851638585
32.18,36.68640055886051,-2.012392468344162,53.56678166994217
32.2,36.05028229438994,-0.6834696683948476,53.26339417331212
32.22,33.73903325376344,0.1376965162277486,53.626029752203586
32.24,32.875263389589946,1.6693934225235445,53.87125661132638
32.26,31.13857109449214,2.4956497074229613,54.03558830760595
32.28,29.554017177763594,2.7828146978541053,54.13394255231257
32.3,28.168836904352442,3.93786609970671,53.714020154385814
32.32,27.014688637606053,3.5729584650786137,54.06271605049487
32.34,25.787983684595545,4.0912867789144585,53.98868536970623
32.36,23.795132876567717,4.342199526994561,53.846081369394156
32.38,22.67035147378374,3.9553356075158064,53.68780283380903
32.4,9.301560548237568,-21.263763279186875,65.89045744029414
32.42,20.746308805192236,2.895455352072611,54.441424089362506
32.44,19.271711303039687,2.8269557825022797,53.22195597574421
32.46,17.85659421299233,2.2952206773369603,53.56904690507474
32.480000000000004,16.668593150875452,1.1787161413335845,53.86176165529375
32.5,16.1422256645095,0.045513963858981654,53.781623680807876
32.52,14.979763310100015,-1.441904606958932,54.20062887999154
32.54,14.067089215095066,-2.7936048117321874,54.15368424475257
32.56,13.790574463650444,-4.729893715180669,53.63699287265402
32.58,-15.652317337259579,21.603488665394018,56.92208139069486
32.6,13.028805984356536,-7.43893792301088,54.13306345477844
32.62,12.628383610773675,-8.676540157287889,54.044951211604904
32.64,12.563343310738064,-10.857912117780595,54.07601697713801
32.660000000000004,12.6895217518324,-12.048759242676267,54.294518175470714
32.68,12.684008442100724,-14.70175940476513,54.162521844132414
32.7,13.907122095017815,-15.815749284595213,54.026651452590414
32.72,13.686612907607747,-17.74615873514517,54.11004257516282
32.74,14.12943994128559,-19.202251782680463,54.038099292490976
32.76,15.178517200430269,-21.327100983997518,54.06902923113968
32.78,15.257961194661195,-23.285829340025835,53.74017833985915
32.8,16.980474703941656,-24.736762880659725,53.98655131241827
32.82,17.67468399124413,-25.976389419764036,53.851810501657155
32.84,19.394776217669275,-27.835817860921132,53.977091933192085
32.86,19.969197147204774,-29.107686943277614,54.076030823887514
32.88,21.062305528996234,-29.90819378196118,53.860344592015124
32.9,22.84911921526971,-31.54318742873252,54.0241046746599
32.92,23.94782631085742,-31.692333814757767,53.78256227429833
32.94,25.942656751908757,-33.16759245421827,53.42470496971413
32.96,27.453184277649136,-33.35819584950224,54.344612913504264
32.980000000000004,28.66630524581952,-33.973099202582254,53.89423438908752
33,30.49275615174936,-33.959313291435464,53.77167431842754
33.02,31.457652655487596,-33.8777086513758,53.46097818454779
33.04,33.095176666173415,-34.50133536886878,53.7520981672163
33.06,34.39857543167123,-34.150742061770316,54.118377352409716
33.08,35.699284767183414,-33.50880049959515,53.96698444801258
33.1,36.5148769138154,-33.25696206743091,54.88490237334636
33.12,38.03442094804885,-32.289179514261384,53.65616348875355
33.14,39.03300681079811,-31.498167749888044,54.38025334774122
33.160000000000004,40.61365208140339,-30.03450216052675,54.28931534995898
33.18,40.67560974528689,-29.003593009367307,54.011939743257976
33.2,41.90620386699176,-27.811490198252667,53.66985857550045
33.22,42.70272772191241,-26.33622402227596,53.82510092331141
33.24,42.76406494712985,-25.247255480095475,54.21771706173295
33.26,43.390281608033334,-23.7073942234072,54.01161749723738
33.28,42.985094052166026,-22.114557483215712,53.50844898155339
33.3,43.54160804795815,-19.583107615049354,53.74935519763853
33.32,42.74079593889931,-18.210466803301692,54.03692414299416
33.34,43.343789340409735,-16.513917310700226,54.613658067884415
33.36,42.01790352309098,-14.770315796380842,53.6186292990853
33.38,42.82131418952173,-12.493682766255066,54.164197451772786
33.4,41.973457935955906,-10.784526719195878,54.124975776223756
33.42,41.14572099826049,-8.986998433821844,54.2993859859153
33.44,40.134004044220866,-7.283139689529433,53.65484146980883
33.46,39.00680989832334,-5.628753984299058,54.165082237403126
33.480000000000004,38.66273883804346,-3.8396671087652994,53.92337309741524
33.5,37.55290193132431,-3.1896579127865756,53.45752317737137
33.52,36.061147876665316,-1.0927899448915657,53.87738295899079
33.54,34.97159591528926,-0.36611667990566055,54.087278223801306
33.56,33.756020849044624,0.8719259633695344,53.97114667807258
33.58,32.54550526271382,1.8394176688871298,53.468875800184264
33.6,30.961207120805213,2.574421047128153,53.46835880074116
33.62,29.356441255261913,3.616327417401674,54.42730865310992
33.64,27.912625432805655,3.906316261746097,54.11087089250847
33.660000000000004,26.500308975145877,4.059860562860287,54.1646745479447
33.68,25.320675172203703,3.6605880118058742,54.042012268105395
33.7,24.118420527028494,3.5898183748601937,53.44411449056281
33.72,22.290422820004004,3.9960098005824154,53.72470883651598
33.74,20.836951297389966,3.6342276305167083,53.81171892782338
33.76,19.572398982897393,3.1173178800101624,54.33584776911807
33.78,18.987336853531424,2.737657760109066,54.15874721090887
33.8,16.82597834122108,1.6522541165438174,54.102280491337964
33.82,16.07106902692448,0.8257366096974579,53.97352291728497
33.84,15.082282818464446,-0.9664109606047493,53.925775713066784
33.86,14.933467250200312,-1.972486157394151,54.347417210938104
33.88,14.169673249684298,-3.0252233455814714,53.92044079226174
33.9,13.941150277102293,-4.465021682133564,53.69563736500551
33.92,12.904670920190265,-5.409005787868692,53.636601213592364
33.94,12.446816235067644,-7.411798077688282,53.77869518419912
33.96,12.23667135936033,-8.874231110066546,54.18117413055678
33.980000000000004,12.995143176707344,-10.850053242712836,53.663387651543545
34,12.575070933241717,-13.156703823296759,53.98752442677325
34.02,13.211238641289082,-14.702290857272965,54.0069115251391
34.04,13.64266742036199,-16.725201595651363,54.4412969460338
34.06,13.518971115211249,-18.450711682063748,54.019524505772296
34.08,14.364348287075181,-20.256721023913695,54.14828965631018
34.1,15.304385421703493,-21.654849453080537,53.889215771886626
34.12,15.854174264356145,-23.59342971756991,53.537893778463776
34.14,17.089498692451464,-24.840262167923253,53.687666735221114
34.160000000000004,18.815775166170013,-26.61884129349178,53.95397229244391
34.18,19.151737276935933,-28.157812904050225,53.93705952263937
34.2,20.82022330851078,-28.933019575989334,54.295502312161005
34.22,21.39254606692087,-30.358869117854034,53.81847953535656
34.24,22.443846781936593,-31.067389920669495,53.69599426869472
34.26,25.1114728304767,-31.90423516750063,53.62831665421645
34.28,26.214398554414462,-33.08778371361824,54.50807980242586
34.300000000000004,27.475460247319734,-33.73397991402505,54.09055259523912
34.32,29.38088347988716,-34.14947321669265,53.79583832285727
34.34,30.150555914439895,-34.510112742057906,54.04528245358379
34.36,32.75740806115134,-34.809718292097976,54.299026981743836
34.38,33.217574144380194,-34.15838026404673,53.81561003804679
34.4,34.21578633692998,-33.53244676033555,53.60039119143016
34.42,35.89792743412599,-33.47794618430571,53.48197017766492
34.44,37.327718199140094,-32.7164871759868,53.785369896673195
34.46,38.16880080185,-31.21586375150103,54.32173455684584
34.480000000000004,38.99545496910055,-30.62517702396347,54.09066636333989
34.5,40.23798581320975,-30.31472064343457,53.77563452107456
34.52,41.424963982445455,-28.57190545012658,53.83204566375747
34.54,41.90083620996999,-27.11701697508841,54.12587892554821
34.56,42.21223595542203,-26.132481113521457,53.893065845236045
34.58,43.302946570576815,-24.37844953364852,53.792059353056096
34.6,43.06564381004146,-22.63566550521328,53.15764980568377
34.62,43.35571151010607,-21.327846417023142,54.48658009359612
34.64,43.245382663510554,-19.192971103775378,54.62119288446674
34.660000000000004,43.33276950425474,-17.014333976521304,53.55999734328048
34.68,43.12509148377674,-15.786986834409156,54.013307833145404
34.7,42.74048960889447,-13.565326869306976,53.984571956440945
34.72,41.96692832337864,-12.331149856492523,53.83968146679299
34.74,41.36490212304311,-10.93956138714416,54.02455154625779
34.76,40.708619727687406,-8.673720792809505,54.68750173890661
34.78,40.142501235888616,-6.842591494527463,53.65362567676384
34.800000000000004,38.53370540395899,-5.952601649639847,54.15868744680362
34.82,38.12307426087666,-3.56964272220082,53.77162630178683
34.84,37.05399886626205,-2.636799831108874,53.675446917085154
34.86,35.87983716919818,-1.6207344853716936,54.205313077781966
34.88,34.37848335592071,0.07088732708009182,54.439826241107546
34.9,33.232603206615586,1.2347443991740885,53.77132197585509
34.92,31.400583271244294,2.004516776756285,53.661093518195145
34.94,29.45327544567499,2.6267688362797657,54.17799624545359
34.96,29.291420065739807,2.9672013109544277,53.942144540153315
34.980000000000004,27.65115003621669,3.630919148850543,54.245409201988494
35,26.079307180533416,4.443333911484478,53.92984971400953
35.02,24.52027863120497,4.030785069505573,54.04715896688218
35.04,22.73439176210239,3.9207128607251587,54.665120931936066
35.06,22.265992186525256,3.631294300045395,54.017033977363866
35.08,20.510707109553532,3.6774400255224435,54.3156116308827
35.1,19.116880620408878,3.33316954476161,53.81886062628615
35.12,18.372453551246075,2.074994052804767,53.63073748339993
35.14,17.372407734853674,1.248142312918727,54.163474556325895
35.160000000000004,16.166091114139675,0.6220959043386376,54.09796533964577
35.18,15.480653051661216,-0.37663371663127876,53.63377335851908
35.2,14.610189835534964,-2.4135493084065693,54.02436710425193
35.22,13.938847415454784,-4.005969632311983,53.817141477617014
35.24,13.807474839984337,-5.000821029687774,53.39000588275061
35.26,13.303284908810783,-7.383529992784613,53.501118256534625
35.28,12.938023912740523,-8.274940926583394,53.623501253012066
35.300000000000004,12.502473166577117,-9.963761904377993,53.53711771142434
35.32,12.61963032883333,-12.081544559091736,53.887780211265934
35.34,12.598626702579693,-13.223573296150695,54.18936566676186
35.36,12.65774515527437,-15.530307601371764,53.55980234361423
35.38,14.070391676597254,-17.634294469996938,53.92835487415886
35.4,13.950548730821874,-18.743126047336105,53.46926906829971
35.42,14.579833075393408,-21.3479470025735,54.475293428708895
35.44,15.837165576928728,-22.6876208606517,53.7386950305612
35.46,16.693133397792025,-23.7793941376421,54.20697212212583
35.480000000000004,17.69080643890561,-25.790441408711985,54.131069380715815
35.5,17.904649921301775,-27.440049620829505,54.330591799177675
35.52,19.836984328134715,-27.90443152886134,53.706964752773125
35.54,21.244859601740828,-29.87697839585733,54.01665229861169
35.56,22.665422386287595,-30.860635854315824,54.28338536427546
35.58,23.54150373116689,-31.92895003568016,54.15526593686445
35.6,25.464642933501917,-32.57534061621834,54.09558160290034
35.62,26.169647169819882,-32.920732160981444,54.11179295524519
35.64,27.36958300628838,-33.68548968645632,53.541566564992976
35.660000000000004,29.641118900981017,-33.72096156562395,53.311212095888486
35.68,31.172998317053057,-34.17046742030454,53.599100495027734
35.7,32.007100769507396,-34.90065029601493,54.42998718763709
35.72,33.97489894758008,-33.52081642397577,53.79486838518079
35.74,34.89548711028188,-33.599472349597704,54.195647226788395
35.76,36.13521350973571,-33.592965144673016,53.68197705687427
35.78,37.39167959652393,-32.214359930459004,53.53984174161732
35.800000000000004,38.57151439614648,-31.87106552699359,54.09883247620625
35.82,40.01556976904702,-30.72317418781931,54.16020176031472
35.84,40.29069354266486,-29.483528942348165,54.25318480142999
35.86,41.156214329577395,-27.766245528517942,53.76344106426434
35.88,55.41272971543841,-27.540697871215855,75.48246647771373
35.9,42.352235987830646,-25.867747814125224,53.549866458101626
35.92,42.909180288617605,-23.976412619754857,53.38367841473795
35.94,42.91414410001039,-22.579319695983028,54.21220294955797
35.96,43.56085362805511,-20.356546533062712,54.50593621047737
35.980000000000004,43.15751855781477,-18.969099479804704,54.27187308879785
36,42.63707077625551,-16.339291613192096,53.66705199270273
36.02,43.444186113742134,-14.915428719855662,53.99088667274141
36.04,42.81460286243609,-13.455424851237778,53.73555139559988
36.06,42.079692890513826,-11.168063214758034,54.35859123841399
36.08,41.509032665727915,-9.418036057932307,54.20581906919991
36.1,40.60164739082714,-8.220020981183643,53.82151886606387
36.12,39.994601994844075,-5.964240660051935,53.66568900806247
36.14,38.9520574727661,-4.861671917555263,53.8359420322541
36.160000000000004,37.75671194494012,-3.3669367095020757,54.38949464303797
36.18,36.920599264334456,-1.8787139705203728,54.02249650887024
36.2,35.25981019994162,-1.0176595649561015,54.007124101270335
36.22,34.03955788267988,0.482816956721404,53.72543007000793
36.24,32.72922263265735,1.7818959067762687,53.55311270296606
36.26,31.42576462041005,2.075416268205343,54.183117169990915
36.28,29.93433198455127,2.586232189759336,54.30472778047655
36.300000000000004,28.470529598719004,3.4133823870315627,54.088180284254534
36.32,26.71509068392671,3.9397583710926654,53.77604185695418
36.34,25.88339855236448,4.0797896820402,53.94997726322275
36.36,24.14977876287118,4.686322461149416,53.71923742843626
36.38,22.990110231706936,4.279720409971382,53.986231237054575
36.4,21.663788574407153,3.780480884296411,54.29848807310613
36.42,20.543853442139916,3.481770009984057,54.26434038802717
36.44,18.858867300277097,2.792109821071527,53.667409195719415
36.46,18.14925631803044,1.8737522045751156,53.699012126185345
36.480000000000004,16.474493261037967,1.2858523369222308,53.59372647712688
36.5,15.880903253441442,0.30816996949192976,54.11971999205441
36.52,14.72087057829489,-1.1646708839294941,54.162404894390946
36.54,14.370261344040252,-2.459974135841353,53.71197103845188
36.56,14.05021928816506,-4.0317982640690495,54.29956616509237
36.58,13.574530603312702,-5.067117126306471,54.12339334125561
36.6,12.774028633232838,-7.683506458714284,54.33607833821492
36.62,12.501648082119761,-8.37888117209107,54.223166031117145
36.64,12.883242685618251,-10.598758231526002,53.541532391727706
36.660000000000004,12.27813276947791,-12.801447515311875,54.48917444801556
36.68,12.981289201385463,-14.479286493400458,54.15761880438032
36.7,13.191438425634603,-15.834177400864263,53.686974591821965
36.72,13.920879940028852,-17.65630339624534,54.61294093442428
36.74,14.363574511235749,-19.777115708151367,53.45013568950161
36.76,15.071158187315932,-21.359719661699177,53.14130957160659
36.78,15.995526215959908,-22.732017781892885,53.7611064235994
36.800000000000004,17.127258825654266,-24.911934103459068,54.50951702742179
36.82,17.634729067245004,-25.961206804830937,54.2067253225087
36.84,18.910785451132938,-27.574447816323744,53.79625081133537
36.86,20.268968271436627,-29.08552253758685,53.989116235172986
36.88,21.61627657820218,-30.593367659985965,53.649537911977205
36.9,22.638785335537836,-30.970523467535862,54.213964862957646
36.92,23.77764131764479,-31.448130242709254,53.54397719162813
36.94,25.379449515939946,-32.651826310954284,53.947012403141755
36.96,27.289985013786325,-33.43467928724704,54.23426123038543
36.980000000000004,28.664721412888483,-34.09334738080348,53.77022404049545
37,30.014786261600474,-34.42990778698872,54.13741682299001
37.02,31.310078443724112,-34.35657420964656,54.53856108821812
37.04,32.57246527580966,-34.52784197495665,53.965542202055126
37.06,34.23895368809957,-33.72864572865623,53.880706639676845
37.08,35.22356561850655,-33.91814703902682,54.46940706034681
37.1,36.3242580976617,-33.24070375517262,53.74717664450005
37.12,37.24934372714063,-32.044422866223904,53.970263047478426
37.14,38.95006241026068,-31.387509686906633,54.013685655005936
37.160000000000004,39.532828038765054,-30.75981418104697,54.295096051652365
37.18,41.11959817315786,-28.641117557061225,54.199722068675044
37.2,41.63369949781081,-28.073742670593287,53.3770410472476
37.22,42.41550705142152,-26.399041468610342,54.3278009258099
37.24,42.1126234837118,-25.046295648707392,53.74518769016944
37.26,43.00012807192199,-23.240539714100144,53.832217167386034
37.28,42.95139182564577,-21.434460890306575,53.92501086215171
37.300000000000004,43.77968931394317,-20.123534892518293,53.698346194772796
37.32,43.17512727683794,-17.83680476890101,53.99140679412614
37.34,43.002015360053065,-16.192474012679156,54.2848433375102
37.36,42.79233975703287,-15.151466140150053,54.548452775907805
37.38,42.58098013188508,-13.10334318861743,53.83440132116637
37.4,41.680484046597314,-10.76898552730169,54.076346399100075
37.42,41.1482224675239,-9.484086488208451,53.33313105652795
37.44,39.97851924505548,-7.6819308438578275,54.20347193610503
37.46,39.4461928052939,-5.384224047064663,54.43060785776587
37.480000000000004,38.655372360511365,-4.714198960349595,53.76959935538712
37.5,37.94518091144183,-3.59293688096316,53.37833226858082
37.52,36.257060837800694,-1.363909140870991,53.89941544071469
37.54,34.60245473896997,-0.05942933610218226,53.94742747353435
37.56,32.983516702426314,0.7005569280076163,54.018735808169076
37.58,32.19494023501679,1.1477922660251885,53.397731526817786
37.6,31.009120656966225,2.4856351025280006,54.219849240957664
37.62,28.966025912466762,3.285047642470662,54.20616066698941
37.64,28.00559871189753,3.7360530263570944,54.019067666625205
37.660000000000004,26.514897087245167,4.200344071758572,54.01296733567327
37.68,24.893286843292696,4.002647304568248,53.98991104724813
37.7,23.623688821019996,3.81622386354233,53.943439553793304
37.72,22.821063542187865,4.07439521911602,53.848190546942575
37.74,20.749229438176872,3.9087265706512024,54.44268209950707
37.76,19.974346178907872,2.7535388766831534,54.20905256105692
37.78,18.333871685177616,2.895420473569512,53.592808905763974
37.800000000000004,17.327855023897786,1.2715159737466806,54.06557793378902
37.82,16.83476280759726,0.812484054756883,53.8745055234466
37.84,15.694738108379003,-0.8640952490286224,54.12479046951441
37.86,15.257595339373704,-0.9157005583211042,54.39139160205478
37.88,13.757575207960205,-3.2549490663940013,53.95121049226081
37.9,13.425586277718171,-4.6527050644568515,54.018541068032825
37.92,12.284148731749601,-5.853228106344989,54.19943321620072
37.94,13.08654352182356,-8.091817111287437,54.170863693807235
37.96,12.771950285558324,-9.656022906329465,53.74474103706837
37.980000000000004,12.431926904474032,-11.191782225585426,54.62686453056246
38,13.17576971535582,-13.200639321331899,54.002205084719506
38.02,12.79766998750771,-14.764072808667345,54.192078055944535
38.04,13.463414968323008,-16.276251249498284,54.366099327460134
38.06,13.77765827503886,-18.242707351346688,53.69723741252888
38.08,14.398645729874245,-20.75803973606567,54.85544414106982
38.1,15.18113676496732,-21.857830563749925,53.59586692705371
38.12,16.201140026480644,-23.636610375810932,54.30397351970307
38.14,17.343021401351017,-25.09771541777796,54.09780229901698
38.160000000000004,17.76417698208188,-26.84222216823315,54.07380782428247
38.18,19.475096568962655,-27.89695381283129,53.66019141799722
38.2,20.44388425583371,-28.94848126951302,54.1609534579532
38.22,22.06100605323259,-30.375298738384526,54.27457236577593
38.24,22.921903491255957,-31.46807866562583,53.557445219726546
38.26,24.89815919004839,-31.889582548632983,54.18907372883131
38.28,26.074080626980365,-33.06981277639858,54.364519820061474
38.300000000000004,27.6020156449149,-33.44611607230841,53.95388391750649
38.32,29.13029424872753,-33.82904448069198,54.024702319720994
38.34,30.081191581983138,-33.69234497145458,54.08687284378094
38.36,32.321169019821475,-34.34724364581352,53.84154138937261
38.38,33.50163723567055,-34.19297666749673,53.928171351260104
38.4,34.97489909559886,-33.77335878340902,53.63423996079502
38.42,36.099326088868956,-32.93059412206388,53.76164737776402
38.44,36.90370171656181,-32.39641865572412,53.98693370061259
38.46,38.70379635358159,-31.911212070458127,54.01695654299436
38.480000000000004,26.98675692557844,-16.302773949369048,44.20013667030374
38.5,39.72577291099092,-30.487605782316678,54.21518724358823
38.52,40.929946655302956,-28.408155635831207,53.739624163095314
38.54,42.24310003892375,-27.06831247440107,53.96010041755478
38.56,41.888041980725134,-26.09374446407837,53.945586561333755
38.58,42.20074149360693,-24.18939118886185,53.88902297707133
38.6,42.71243613021755,-22.728554280273336,54.56269030668994
38.62,43.50274906973331,-21.33858569594527,54.213231012255605
38.64,42.925782672346536,-19.409351945889643,53.956701136832656
38.660000000000004,42.6908313937824,-17.69706823854218,54.67723033756617
38.68,43.12920685101976,-15.97147533445289,54.044515242168046
38.7,42.30426854645668,-13.927148495322587,54.12365649223409
38.72,42.5488208306938,-11.724540197665611,53.919116327115916
38.74,41.652294382152185,-10.473902998992813,53.67861021793637
38.76,41.577113211416446,-8.483421866178528,53.335980827094474
38.78,40.80921127733035,-6.199863897219016,54.537748547477804
38.800000000000004,40.02677236316465,-5.4593539168169425,54.22266652711469
38.82,37.937552616230924,-4.073491232743626,53.54422141945899
38.84,36.24530506989357,-2.184772727752394,53.44983012839399
38.86,35.99496733665514,-1.0581382302606652,54.05361690398189
38.88,34.49485653599863,0.030276649525932342,54.16395149833753
38.9,32.924657950484225,0.8724547671178957,54.024720902372295
38.92,34.21479412086984,-18.18356132127591,76.97311530711659
38.94,29.78352184879457,2.6107463930390367,54.1476350822246
38.96,29.111167614563932,3.3313688031266278,53.65461166009857
38.980000000000004,27.25757636580375,3.8693269733213977,53.28614045431965
39,25.808605926860142,4.069865566012961,54.192591710457044
39.02,24.38892309862168,3.9410051626243625,54.28084629824738
39.04,23.60379408937258,4.5096537571778885,54.11728426623543
39.06,21.948308785598265,4.176869095642596,54.072552128476076
39.08,20.43126764408144,3.3388354228284722,54.24595743397353
39.1,19.39025231068991,3.407162232057331,54.04974394845629
39.12,17.858438068619513,2.258741481074532,53.75962477191288
39.14,16.719128534790205,1.1736435313482207,53.580462116642245
39.160000000000004,15.997031527505134,0.4063640832526989,53.65549931999944
39.18,15.358126042443494,-0.25665122039767674,54.661322757346525
39.2,14.098383963560224,-2.2663103761316883,54.47649149092186
39.22,14.22596803458689,-3.682130004286492,53.67427981756168
39.24,13.021672324232417,-4.8049012578754215,53.633136241080564
39.26,12.680064593697736,-6.618072858930336,53.872922564404625
39.28,12.965017084150805,-8.90305647048022,53.73553926576882
39.300000000000004,12.087193006188102,-9.618735239976585,54.076980912224094
39.32,12.822011402673638,-11.779759509779531,54.03266795392721
39.34,12.539332486460795,-13.996031570839705,54.4336298493734
39.36,12.889437072240248,-15.536910392073075,53.71716317075554
39.38,13.043159914259531,-17.00748380699646,53.64073631007593
39.4,13.931967912416049,-18.881283631721534,53.96539424949203
39.42,14.97954322003693,-20.756295940140607,54.27576330623651
39.44,15.96426571188335,-22.410909863984074,53.85650675805279
39.46,16.185800357387038,-23.856224667970046,53.52955308741806
39.480000000000004,17.254051926030556,-25.832869080915753,53.60203254742247
39.5,18.63628273814755,-27.344420686202533,54.439267239379056
39.52,19.610047607448124,-28.356815483353053,54.303175923467144
39.54,21.271699727221947,-29.593349802673348,53.79779726778307
39.56,22.208852532406606,-31.594571352932267,53.89060678413229
39.58,23.864452551963232,-31.40098010615489,53.84094448885946
39.6,25.306295913869015,-32.311802117348805,53.764826477112976
39.62,25.84841622356781,-33.10829155646541,54.0671960837287
39.64,28.27521441892599,-33.75637838614138,54.13726468537671
39.660000000000004,29.489690896635,-33.25937549235975,53.753797346698676
39.68,30.84304006516554,-34.200301496946885,54.16195466184898
39.7,32.496599230743115,-34.06648212026184,54.34878452177362
39.72,33.71867581771333,-34.16545096529436,54.1809374126814
39.74,34.60474982997073,-33.8803281580261,53.79151306862349
39.76,36.05372035422289,-33.09448650274382,54.01578695249384
39.78,37.535244785543505,-31.694832165798267,54.06418699988427
39.800000000000004,38.76362864749257,-31.64334712802537,53.83551041730259
39.82,39.356116858864354,-30.50760596141769,54.169372021106895
39.84,40.06792407542256,-29.456207364496173,54.17429160622336
39.86,41.5320816751405,-28.186929656632557,54.09688149077506
39.88,41.71136975140577,-26.751571168563068,53.64683409525847
39.9,42.195253347628096,-25.619513628160277,54.14682449661515
39.92,42.47744317401636,-24.059615092527164,53.598284347094896
39.94,43.557789679803776,-22.23790036923706,54.159001045264986
39.96,44.10873251330008,-20.3268270276212,54.061384045731785
39.980000000000004,43.33767650019472,-19.24664511928264,53.82275662136619
40,43.21415482454984,-16.77680561723843,54.03319702863479
40.02,43.44522279632178,-15.485830939968302,53.73078313471313
40.04,42.729877231366615,-13.326686251230289,54.04848319906717
40.06,42.166462402798075,-11.894259292821324,54.45195904083638
40.08,41.288280749515955,-9.70939558862112,54.079080925291024
40.1,40.93665449368187,-7.954415766513323,54.25018488781039
40.12,39.89246032902461,-6.5854073659367245,53.746156136584915
40.14,38.878723997166176,-4.466812608426702,54.03341577882591
40.160000000000004,38.07659690627081,-3.5578299343574535,53.8608617398313
40.18,36.54545857892249,-1.827524803462552,54.19935168938801
40.2,35.28723701380275,-0.7655141789919906,54.14684163124806
40.22,34.47416707845721,0.6154752434155792,53.66776073543455
40.24,32.31528114012882,1.324686484614979,54.13679478453148
40.26,31.16176738460817,1.8543006279991943,54.080973709192826
40.28,30.02183275934079,2.8852620680613974,54.085395599728926
40.300000000000004,28.538151798735292,3.766222191981722,53.8297909900774
40.32,46.488729526847585,-15.380509670937458,56.63703985710044
40.34,25.44536854806595,4.3989463839904435,54.10369194227614
40.36,24.03926686429929,4.429282375243263,54.46168689627266
40.38,22.779284763948763,3.9561864442057857,53.73230427122725
40.4,21.74054326991208,4.006370394268453,53.87304849648394
40.42,19.926687562831532,3.5338675988143464,53.96655917392278
40.44,19.06307857771734,3.2444159222890576,54.044277315378665
40.46,17.607065512732408,1.9635313136557677,54.30763295912737
40.480000000000004,16.517928257667375,0.6995794204955423,53.996860124352175
40.5,16.398704148082295,0.8842530971605846,53.815068050393705
40.52,14.855033557305289,-1.3575438260870172,54.06557343486267
40.54,14.019943684971945,-2.5129516863382406,54.523536418082074
40.56,13.379589482695366,-4.377866841785,54.25009758154579
40.58,13.976014436419717,-5.794567762989265,53.72560916501746
40.6,-11.169530689224025,-6.853116455092386,57.76981388513095
40.62,12.744357408078086,-9.004151176886515,54.685343569966435
40.64,12.567062041673374,-10.844304976461718,54.311185335558285
40.660000000000004,11.824295519077364,-12.34948617027597,54.31536497466375
40.68,13.201114270084041,-14.556456508094891,53.58768895469233
40.7,12.897837704815915,-16.090676227250597,53.59866147650501
40.72,13.47462841357927,-17.264970998275988,54.41129011540335
40.74,14.219395958338927,-19.57089588045104,53.68101140114636
40.76,14.707139471059179,-21.612916543252087,53.92485949524024
40.78,15.957822346678597,-23.128534922470134,53.91455372709463
40.800000000000004,16.588792963531382,-24.826104410452274,54.0295411035105
40.82,18.236823100654085,-26.299478972290228,53.815847932220606
40.84,18.705338436802933,-27.30006670657375,54.194439067753926
40.86,20.601266805247697,-29.29318319995342,54.076480068510165
40.88,21.81226131929274,-30.595393934530577,53.71404701159541
40.9,23.361963626210294,-30.791400311331714,54.56279326783333
40.92,24.237844457075855,-32.13476090008203,54.39428680160012
40.94,25.491835772959337,-33.086505177982986,54.50861007689037
40.96,26.780737177109156,-33.466266780998644,53.69195585719765
40.980000000000004,28.50439552876875,-34.38467788989797,53.925492492682466
41,29.94166905981482,-34.040922246383765,53.525686722237936
41.02,31.313833724311422,-34.74607573153115,54.11680130278974
41.04,32.322052095277215,-35.08685370619703,53.993760074896066
41.06,33.863795008193115,-33.89478913451304,53.95900977961348
41.08,35.458198855141816,-33.637880133296086,53.74472795976582
41.1,36.7436378354266,-32.81382370562501,54.37207991778432
41.12,37.73555672900788,-32.44399499372453,54.08379913404893
41.14,39.56306452456329,-30.804968259330792,53.91490379316869
41.160000000000004,40.036560071164544,-29.78536658226659,54.16694815470929
41.18,40.61917796065743,-29.168350202384,54.275270268337565
41.2,41.31604416007672,-28.047398411248864,53.84538837530721
41.22,42.32757673943911,-26.550596884936922,54.08866389701872
41.24,42.39631190926825,-24.778274121446074,53.547662098239115
41.26,42.81434581030659,-23.518489753983012,54.00697994067027
41.28,43.815447903843,-21.268737006831984,54.23263978641678
41.300000000000004,43.06752118063537,-20.030235682666778,53.86131488764901
41.32,43.40390620040023,-17.855382502892933,53.975805994948416
41.34,43.48837339137154,-16.353340474320312,53.899840084537615
41.36,42.834640361227535,-14.493317435407754,54.286935114670726
41.38,42.57182148614466,-12.798099660305631,54.00816547129038
41.4,41.95524137185307,-11.27371073994698,53.4058419332942
41.42,41.0584905654035,-8.968950078787675,53.96242116820716
41.44,40.628652534314455,-7.434985075175631,54.16170738289052
41.46,39.62073198600451,-6.00029972515968,53.868697000556246
41.480000000000004,38.21041383248298,-4.04282487399627,54.32237465128633
41.5,37.258922415514405,-3.0125499517478254,53.81152409396729
41.52,36.610480661138396,-1.4343513262577545,53.79503888539965
41.54,34.87705225533822,-0.6930090135842732,53.53759749183156
41.56,32.96769551761673,0.5972015244853282,53.96604481724005
41.58,32.86471696353644,1.8197557215657305,54.2450669896619
41.6,31.25110254376141,2.6797659545823134,54.28578124684027
41.62,29.594825814932506,3.0508893595523094,53.74210002040913
41.64,27.75705457132561,3.4797363400698043,54.33819178753313
41.660000000000004,26.866940052425818,3.9776982300302937,53.8514387441861
41.68,25.444488641227686,4.144918093530567,54.19838574245039
41.7,23.45716435834496,3.9245340730017464,53.719464127331875
41.72,22.611618174414865,3.402870465231553,53.85818069892517
41.74,20.785629865285628,3.66441573272024,53.24516516041025
41.76,19.79942104672056,3.475944753707042,53.956697907103575
41.78,18.834201292693404,3.015701959512935,53.65535536665662
41.800000000000004,17.922795838950798,1.9994012007147663,53.86986581474767
41.82,16.469562586579848,0.06986506205877419,54.088808570999305
41.84,15.166166098527174,-0.511035486623415,53.928081497409
41.86,14.44298021805743,-1.3868340339976868,53.98265795796379
41.88,14.671356963878846,-2.931902576107035,54.52047155085102
41.9,13.057301026513848,-4.8690920098093,53.81780746505138
41.92,13.666544596709048,-5.6622543346545555,54.080313603532595
41.94,13.10445789601334,-7.141903663161572,53.951145667001455
41.96,12.43257383288221,-9.434097166070401,53.91313374763038
41.980000000000004,12.410292480708833,-11.47363604905048,54.22043396675646
42,12.603765698727406,-13.098372559642202,54.33135354610219
42.02,13.028696684462949,-14.786579666282465,53.76409924518818
42.04,12.843554213303616,-16.733236141575407,54.115185101402666
42.06,13.118930426646898,-18.351502223282452,53.94788124376436
42.08,14.487867556711805,-20.028667479412082,53.48988762710411
42.1,15.890474376967457,-22.36651125450908,54.02564788427148
42.12,16.599485227543717,-23.61760696083278,53.928991317641334
42.14,17.27098341998716,-24.598975790234242,54.03153743095707
42.160000000000004,17.852635810281512,-26.726112961218334,54.36725403817891
42.18,19.089671507047843,-28.33077183997153,53.4779806380772
42.2,20.340396963440913,-29.44849026394421,54.16702177827606
42.22,22.104212559088317,-30.180374488332298,54.23112832415325
42.24,23.28134367539962,-31.122563824015863,54.139080708766905
42.26,24.497853727485253,-32.50728648435613,53.71488134300604
42.28,25.90930762293261,-33.18508532478919,53.81788144003409
42.300000000000004,27.42544870322415,-33.921488424658364,54.00420028680101
42.32,28.709809604544247,-33.64093452323364,54.592419372961494
42.34,30.088191351964486,-34.43536708661665,54.437341109311156
42.36,31.761817117523275,-34.32141957202554,54.10817541462413
42.38,33.03156402498763,-34.47808341588267,53.641539721717216
42.4,34.66818529356762,-33.34189593930722,53.92438393352408
42.42,35.99424892437218,-33.145116199116224,54.26354928668252
42.44,37.14929431522857,-33.55936981569284,53.76790297453668
42.46,37.94133236748516,-31.57429781861837,54.72865627279162
42.480000000000004,39.26481232478194,-30.85374168360665,54.079831300718574
42.5,39.9251932639927,-30.2280922535258,54.29027417088817
42.52,40.94650559751001,-28.4451558033282,53.97813548238825
42.54,41.3656359723589,-27.645139100696454,54.2955610227466
42.56,42.72633472163066,-25.905403507064435,54.26445481705382
42.58,43.374265109839406,-23.98380497716095,54.13821678412676
42.6,42.91466376873741,-22.866745091509024,54.2878231976954
42.62,43.86806881172035,-20.978931396092644,53.78797761690669
42.64,42.94635685202536,-19.85426671961249,54.78175938884655
42.660000000000004,43.05187585857914,-17.6930812486775,54.15945246721306
42.68,43.50008676081347,-16.00165812240208,54.28409714137614
42.7,43.58300217043628,-14.366797064378702,53.47833204152114
42.72,42.215741093038254,-11.80255826482993,53.856716785951306
42.74,41.96989487882424,-10.419820006179547,53.97422012038598
42.76,40.763279091218166,-8.694184775996261,54.05005338567354
42.78,39.52475953402685,-7.291507273576874,53.93264227899644
42.800000000000004,39.07326552731958,-4.89514020743632,54.27727996414064
42.82,38.02014832315321,-3.774123444321045,54.155631819276515
42.84,36.85894192738183,-2.6237141501792696,53.90319863612015
42.86,36.07895211466906,-0.9443151352553993,53.64732935539537
42.88,34.54647977598299,0.05914649597935373,53.92205127978677
42.9,32.967158492384655,1.0647477682512037,54.13038670170024
42.92,31.476235840367785,1.7511962118683257,54.198780436154294
42.94,29.68523518592489,2.7117802669300524,54.37811163266131
42.96,28.74241322023315,3.4998302735815283,54.005087031732415
42.980000000000004,27.23525508325761,3.7508987245865235,54.2253573839837
43,26.62065411411522,3.998310906134938,53.84843354492816
43.02,24.756457373603624,4.3043075252007235,53.73574141717695
43.04,22.681941304824623,3.9743755701303094,53.69921844366888
43.06,21.905079878226463,4.084378181685953,54.403020582404274
43.08,20.216760326865167,4.220767368531206,54.20153969088088
43.1,19.458716811122418,3.345503097906848,54.18208668204578
43.12,18.409315884100657,2.1098692298058754,53.542802239503764
43.14,17.15603599730023,1.3075674678647182,54.11447485152553
43.160000000000004,16.260888089909024,-0.13553129053433643,54.48379917260503
43.18,14.919813365445023,-0.2671854463480354,54.22985276444383
43.2,14.172418297608004,-2.0371940029229005,54.26544553907436
43.22,13.819415294297691,-3.423185191352669,54.287519666111535
43.24,13.632478223183375,-4.6307957255883565,54.66383779301328
43.26,13.281208791252954,-6.997251377116216,53.97322502383309
43.28,12.475368904529073,-8.457175596253627,54.254044384018584
43.300000000000004,12.650694733359192,-9.869529197175176,53.88307962415968
43.32,12.859793786688417,-12.027724442309516,53.92306127749498
43.34,12.819955460861673,-14.428110082074376,54.045546448070056
43.36,13.025335902754831,-15.583584554821513,54.33433630157966
43.38,13.578357169168267,-16.86283740911701,54.66601041740064
43.4,13.966263925183467,-19.04203450243122,54.28804307592284
43.42,14.782125889060012,-19.753824499716043,53.50406239301759
43.44,15.415431122134068,-22.603864964636017,53.946109649749246
43.46,16.432208916349957,-24.59980848665809,53.54480281129416
43.480000000000004,16.914723174153153,-25.362508035244637,54.198222996209935
43.5,19.111901088128043,-27.545701008957153,53.817707898699695
43.52,19.872179989179113,-28.285797038408397,54.22659756035384
43.54,21.660032079434355,-29.54992907474947,54.16528279628574
43.56,22.488484020210556,-30.94413305659574,54.317832849297375
43.58,23.27176954676036,-31.693129596293275,53.692297920090056
43.6,25.288131993750255,-32.64807644679735,54.24129695816827
43.62,26.262209243369107,-33.442374686426795,53.62528265451898
43.64,27.75566036432991,-33.80496725265557,53.43265710211787
43.660000000000004,28.84895780466193,-34.57731682915915,54.211438652353245
43.68,30.69453792794141,-34.01925171104326,53.993349416204644
43.7,32.669201502161634,-33.9804667301175,53.68514464271297
43.72,33.296531662137035,-33.81563651014964,54.391097906720006
43.74,35.21107877969755,-34.064679614664634,54.49136488301352
43.76,35.847123107576756,-33.01649768035694,54.17763287449837
43.78,38.387843698454084,-32.187006560998256,53.78896321974706
43.800000000000004,38.665260162902165,-31.398140676091202,54.027494892467
43.82,38.90430174123004,-30.80413033432748,54.05285634726975
43.84,40.47537469841975,-29.762075733108723,54.13384561966728
43.86,41.44635741013222,-28.277298648358837,53.98838851785455
43.88,42.14097842589102,-27.000724537549043,53.761416540643964
43.9,41.275286526635455,-25.103505044063798,54.21123303767138
43.92,42.887504883058284,-23.81591379885825,54.062490381672944
43.94,43.120660420221284,-22.154065227673815,53.844189667538025
43.96,43.10199631923564,-19.57204446936896,53.27918145636349
43.980000000000004,42.95704554233774,-19.037025243351955,54.35305655498884
44,43.06417144084352,-16.898555140044287,53.981006780761
44.02,43.0296441533868,-15.006559370017376,53.74473025932905
44.04,42.2618095929095,-13.413109772136714,54.6858765866278
44.06,41.93694182053089,-11.59756296264848,53.65996087267821
44.08,41.64943326780615,-10.082329760418233,53.65488416353575
44.1,41.16686591103412,-8.101618414949897,54.24425084904906
44.12,39.870531754183276,-7.013544871351856,54.106702243471176
44.14,38.78282222936707,-5.052867365911679,53.81014062679913
44.160000000000004,37.03968355702617,-3.4274849488794885,54.59712296554281
44.18,36.92348944403128,-2.3045830485645773,54.00515235728172
44.2,35.110022403506896,-1.0868586846081811,54.067875023418374
44.22,34.39044175299746,0.3325953816026743,53.939901194138926
44.24,32.826495946682144,1.5740129118489055,54.269944892128976
44.26,31.52534794587711,1.6743906881512238,54.040740038031956
44.28,29.460456882719924,2.669056895277482,53.72950609751278
44.300000000000004,28.404114644059717,3.266746365739518,53.88042297679914
44.32,27.258257025837633,3.6324370352163093,54.414295331756406
44.34,25.058010942575425,3.8855962474309234,54.20573650143516
44.36,24.58598195471997,4.324269557445765,54.09609699626585
44.38,23.0203453520464,3.8828445865432784,53.42067692553967
44.4,21.51663145170179,3.8447368879416626,53.80136297708974
44.42,20.11728327193581,2.9849877149462003,53.76049831526778
44.44,18.32315022264406,2.2549095412132054,53.81492883137318
44.46,17.569849470275187,2.14912112239719,54.12557309266935
44.480000000000004,16.213275448697097,0.9607088292052648,54.122611302141685
44.5,15.848658973000695,-0.19363204285696334,54.22187898019952
44.52,14.485868491657907,-1.600456549742809,53.910843461006266
44.54,13.925649760489385,-3.0158254306096346,54.83497952447745
44.56,13.998420716014467,-3.7172499211453154,53.68627829476988
44.58,12.89975998918944,-6.01808448137297,53.87081445288242
44.6,12.877937805607823,-7.093176011273782,53.53560824526245
44.62,12.579227547785845,-8.56749637611763,53.914722743626
44.64,12.606649709525087,-10.700088121850467,54.11744100367287
44.660000000000004,12.714366977962834,-12.174060750719628,54.00681371727811
44.68,13.329844561906707,-14.656134495013056,53.98691194535105
44.7,13.46001836733919,-16.03094447189485,54.2260012279273
44.72,13.931738935019366,-17.09055998577614,54.47746973535652
44.74,14.165965900335017,-19.52122832015163,54.22787977989374
44.76,14.154004595272536,-21.33672915246198,53.576377691289125
44.78,15.601208352969364,-22.84035663843394,53.73363658812131
44.800000000000004,16.536856520405962,-24.746692555421074,54.930853243995585
44.82,17.421006690847115,-26.178929592531787,54.17760441523864
44.84,19.20965102565649,-27.270138577495942,53.834138696229466
44.86,19.991110281474413,-28.882863408382384,54.11854435967904
44.88,21.533374911806956,-30.17622182526133,53.914119473434816
44.9,22.986924184149846,-31.17051767525067,54.34582480858264
44.92,24.03496441811489,-31.74644753772089,54.22003659898907
44.94,25.648788243964106,-32.80833634916519,54.36208504456068
44.96,27.144145896963785,-33.92384827431857,53.68141051024652
44.980000000000004,28.818996349729712,-34.15472799714883,53.36971247253029
45,30.530488576605862,-34.27374083962234,53.48386500584079
45.02,31.28124673498137,-34.05040796364402,53.86134392759344
45.04,32.305906167044064,-34.25554333012391,54.22168706061561
45.06,33.739771285488914,-33.39237930601189,53.75020422108138
45.08,35.69649533636286,-33.90786814428081,54.12946045603502
45.1,36.61864668426381,-32.82426958580988,53.818847681814724
45.12,38.245707637155064,-32.43057639264915,54.43361324558412
45.14,38.65485206604886,-31.41599250025756,54.36952909466265
45.160000000000004,40.32495580262595,-30.37303899867037,54.52654337785813
45.18,40.51998377840819,-28.780814094415508,54.17511425336269
45.2,41.71117009976088,-27.779228952883923,53.96208073971749
45.22,41.855454377467254,-26.322931931461433,54.22093993643455
45.24,42.24055926846347,-24.936162827010897,53.533289398788774
45.26,42.91035318354387,-24.076252411214575,54.46877323095959
45.28,42.90250413311741,-21.490646449746663,53.823478715891355
45.300000000000004,43.536756548777625,-20.15176759430301,53.768155921666946
45.32,43.42847021153481,-18.093954311830927,54.45916319808646
45.34,42.82556528551612,-16.292770618019027,53.72662524515576
45.36,42.92221776000303,-15.043803196847989,54.053210542675245
45.38,42.46141956811788,-13.857633594491535,53.799457943657984
45.4,42.03851191745483,-10.695694301050725,53.94717752921003
45.42,40.5693477229654,-9.006948641289766,53.546080056393365
45.44,39.88403863036941,-7.364392266606816,53.98673887970625
45.46,39.10728180607706,-6.481915312332591,54.32913726529395
45.480000000000004,38.39774925391014,-3.9274867177392334,53.724546878420874
45.5,37.12497000173377,-2.8579378422529693,54.001261988219824
45.52,35.765685934541196,-1.6784158528305237,53.75543563817835
45.54,34.89055154053638,-0.5219139324550923,53.77685400724755
45.56,33.38036016471131,0.5499643168633703,54.16165915185726
45.58,56.065038658767975,6.288106327971856,58.10480295321995
45.6,30.222324283326902,2.821639374590312,53.95016526721645
45.62,29.3114960494782,3.6715495273069365,54.19114480244185
45.64,28.476222152082464,3.5897782234695264,53.981250012393986
45.660000000000004,26.934146344735456,3.9265814214994688,53.791054509916954
45.68,25.456958214407333,4.183571069614695,54.328053569550974
45.7,24.21962406916819,4.373599545595102,54.07435861372892
45.72,22.59526254277681,4.081071108412978,53.601398468375685
45.74,21.049517277543302,3.7397950542663985,54.53907560029249
45.76,19.589697699134252,3.066595225105397,53.603157222275065
45.78,18.39316239968491,2.1253602316710953,53.50558371596112
45.800000000000004,17.574688623861608,1.9243083727739556,54.201030431561946
45.82,15.995370187995345,0.7895156216513772,54.06425144194708
45.84,15.812091535335401,-0.2569807516248783,54.13744379138235
45.86,14.944832305372232,-1.9407183960247263,54.489099402177786
45.88,13.846884004436266,-3.086922921923275,53.47770985978205
45.9,13.595660794609195,-4.799062641902303,53.50080713969575
45.92,13.014230022546592,-6.2041132508781995,53.778099488847914
45.94,13.374859795750067,-7.91026474022073,54.464975361944504
45.96,12.725938693591408,-9.381270791386275,53.843702928657464
45.980000000000004,12.435120094614309,-11.381642145350135,53.5364864496241
46,11.89349820196825,-13.293618881784324,53.739030602294605
46.02,12.676128084111198,-15.034900486289853,54.268780835529995
46.04,13.260114933360114,-16.56628013455544,53.68936134514908
46.06,13.894769474249015,-18.66452790464515,54.860825989141105
46.08,14.136669029175582,-20.281551106220668,53.73802248179981
46.1,15.477131890287431,-22.08910175563252,53.80877360932255
46.12,16.410766274048875,-23.79355135084205,53.67378502816486
46.14,16.658457738341816,-25.248230883590427,53.9608111395468
46.160000000000004,18.9212798531748,-26.9485965930766,53.791804292709855
46.18,20.14834161074455,-11.939385732038229,69.45865277170076
46.2,21.245658414927906,-29.24973032919064,54.12770330766618
46.22,21.782666762007075,-30.333730916429108,54.12706642085498
46.24,23.037944488029915,-32.095459605288085,53.80525697415417
46.26,24.698028961969875,-32.45285793010483,53.80879946634132
46.28,26.273235051928964,-33.1960519181478,53.59939455229347
46.300000000000004,27.59699354775925,-33.50289205453695,53.94457796782922
46.32,29.04095782540828,-33.88260240379446,54.18232957252084
46.34,30.0048795696717,-34.350359913266395,53.9582578276746
46.36,31.505418172671465,-33.89754180442895,54.3486433689051
46.38,33.02131560727821,-34.64190303674776,54.00822028066541
46.4,34.511575699209004,-34.07420169047866,54.5048994854706
46.42,35.89605670791158,-33.654702684824926,54.31492901583148
46.44,37.07628428671582,-33.4554899345531,53.54614209549683
46.46,38.05074638573279,-31.84507691875605,54.305531543255256
46.480000000000004,39.659626981348445,-30.843232696975605,54.09767894968368
46.5,40.5860019051857,-30.599455238401696,53.91892843190872
46.52,41.26458738796358,-29.14619363898911,54.124517108073256
46.54,41.774317489918275,-27.42152385392916,54.11206579222219
46.56,42.33976848613153,-25.834284931120994,54.116757454045455
46.58,42.91994967781605,-24.63093513705943,54.13980984617218
46.6,43.254886738499835,-22.20835189620724,54.49521091274397
46.62,42.88589467690283,-21.444381149591276,53.466105517621166
46.64,43.38795053261683,-19.320107162799847,54.15231982019733
46.660000000000004,42.83005517023021,-17.78716750205319,53.650456967050005
46.68,43.556535783434725,-15.762710797108737,54.120589853679135
46.7,42.963497473954654,-14.500898597894295,54.03509402693331
46.72,42.58932170090869,-11.818851711283264,53.89968514152474
46.74,41.126451595025635,-10.063745832611794,53.98212380956161
46.76,40.49454034673029,-8.453002331264127,53.68173341408012
46.78,39.97775021790337,-6.834724834747609,54.28015266813248
46.800000000000004,39.0995721331615,-5.3210617049323155,53.66983851586683
46.82,37.940383400267,-3.7217538230577567,53.861087255321976
46.84,36.60334200580874,-2.24779358354618,54.14753682344934
46.86,35.35577452804555,-1.3765319554090478,53.58735775453397
46.88,33.941507062602014,0.28354641252199286,54.30954676568663
46.9,33.14895910296729,0.9823337901575755,54.27518849675481
46.92,32.000433044919895,1.4097491473356207,54.1279402147131
46.94,30.795066031844982,3.1677641155706304,53.92867223016599
46.96,29.235946615907917,3.6229759797315797,54.09921445493916
46.980000000000004,27.416759748292293,3.7819266419221904,54.35235736039025
47,26.24053903916037,4.317397629956554,53.17730269378934
47.02,24.132248156581024,4.1242935792159425,53.63878171922263
47.04,22.829867974935944,4.148471253230872,53.598771803392935
47.06,22.103276015806014,3.9598860110189342,54.43666615174767
47.08,20.24462664589313,3.096524898090875,54.65413106241789
47.1,19.898930599064904,3.0594141965223507,54.12901801782934
47.12,18.341508033533735,1.960118951202661,53.78103730139686
47.14,-5.84072987431874,-17.149036233817696,26.944112513860528
47.160000000000004,15.873227380253805,0.7625042348448847,53.84756577173101
47.18,14.913753660102557,-1.2947326206681105,54.3287616940475
47.2,14.143011207935473,-1.405210464872102,54.54944010375308
47.22,13.837464850864745,-3.484028001715826,53.72992190879701
47.24,13.096720463998924,-4.969077929269778,54.60178504322386
47.26,13.252376706297014,-6.73810407713408,53.44636648619611
47.28,12.513985651088827,-8.32531029328619,54.169730873279015
47.300000000000004,11.936194588330228,-10.031914635349859,54.106313629272975
47.32,12.504596985654562,-12.051846495221385,54.284707867288375
47.34,12.287468214519652,-14.031001042205519,53.37745809499812
47.36,13.429589363613534,-14.99674797137887,54.12073407940446
47.38,13.72374192263882,-16.909570966166932,53.98342817586484
47.4,14.053974275218515,-19.02103229239478,53.87463415031498
47.42,14.819980415001258,-20.16560393089888,54.021474989805284
47.44,15.558407591430562,-22.64868918027574,53.617952425041636
47.46,16.353981765547797,-24.293538895829073,53.587880598046155
47.480000000000004,17.75745890681563,-25.994168818992105,54.079732699069
47.5,18.636403707714365,-26.824445056601785,53.91466647335778
47.52,19.850230310145168,-28.463905496484593,53.8140580719553
47.54,21.237568200878087,-30.144131065078643,54.04368028599731
47.56,22.36540537776608,-31.002379932071698,54.1190828674725
47.58,-3.5806873071547543,-10.642676539774005,52.41269931139258
47.6,25.733039221914428,-33.04953886118841,54.24353326595209
47.62,26.8210726311492,-33.00118464202963,53.974005446189445
47.64,27.86563413985166,-33.462097862679165,53.64202979993008
47.660000000000004,29.172860089125834,-33.806776514817635,53.77008457879558
47.68,30.806779940688337,-34.268310677760496,53.83915523739213
47.7,32.150388697040924,-34.77694871197376,54.13133333120831
47.72,33.66646243116658,-33.696680782257616,53.547105769537616
47.74,34.97736999940102,-33.163907441791196,54.151646755369036
47.76,36.48984687191521,-33.01683327339323,54.368454421029725
47.78,37.214463388956105,-32.35110379379592,53.930720699492255
47.800000000000004,38.44360264643604,-31.724612643135032,54.31861917723581
47.82,39.98472355268628,-30.79971066865022,53.975199199229095
47.84,40.73929532775584,-29.54124423875912,53.92664852709787
47.86,40.92689548816064,-28.47220991293188,53.41649775295978
47.88,41.744470795549084,-27.0563305834508,53.794248915663836
47.9,42.03799440113061,-25.72042239498305,54.221533122248445
47.92,43.31522882240316,-24.24657351969637,53.91583937895785
47.94,42.98553214380149,-22.25079560182415,54.681697101246876
47.96,43.45100529191542,-20.46492756804888,54.29866015658679
47.980000000000004,42.96005404139835,-18.66739886400294,54.07045806724566
48,43.456294344557236,-16.957858264695915,53.695118322248476
48.02,43.200912726035824,-15.367557853432176,53.66830762335177
48.04,41.90289663233662,-13.39907558763194,53.9099414727026
48.06,41.94733335282078,-11.615755985856847,53.62533856353399
48.08,41.795520215775404,-9.53092938552933,53.55730861689789
48.1,40.98242513902067,-8.146579621474704,53.879485282068536
48.120000000000005,39.945607649741774,-6.189432644807047,54.07997782937563
48.14,38.760095423640635,-5.039446446781465,54.13287148782475
48.160000000000004,38.20727795843597,-4.014561978890843,53.967644106415165
48.18,36.07855749143944,-1.7117391710145569,54.07733484662309
48.2,35.68798424784762,-0.13492291766792874,54.00960650222684
48.22,34.259160334664955,0.39441629327455274,53.444278384989154
48.24,33.079766654139554,1.5033316796869158,53.83546628302165
48.26,31.36762566539532,1.7817867856535816,54.68149725932791
48.28,30.017700663213787,3.1396660568182924,54.24438027375486
48.300000000000004,28.3618817107725,3.9733930329857596,53.92765384484952
48.32,26.591868031815704,4.518163464559306,54.07531568823588
48.34,25.8569470268369,4.348472208703596,54.486120351108575
48.36,24.840046724304546,4.538743972558965,53.60667258263627
48.38,22.66032818951116,4.175481829068634,54.25371640359791
48.4,21.435433410396165,4.272567070132151,53.997329639976684
48.42,20.41931922479864,3.1867426848356057,53.66455907498776
48.44,19.44030703868414,2.760742021222317,54.18442439196748
48.46,17.70159579559367,1.8940941524898403,54.26456392135171
48.480000000000004,16.92167189417468,1.6153756362954894,53.95513245869776
48.5,15.598773847456194,0.06661553984914903,54.21978630295276
48.52,15.605690718109326,-1.0571869866794845,53.82700657964407
48.54,14.207105732425825,-2.2689538594434335,54.64582314856184
48.56,13.42480187210926,-4.226337843967318,54.02600110586105
48.58,12.823791071584736,-5.79025988593413,53.83762823191734
48.6,13.14570050033962,-7.193799137808673,54.31208443436409
48.620000000000005,12.496515900397139,-9.312289451554605,54.380224771501005
48.64,12.383651113363143,-10.804353958802139,53.55326208938439
48.660000000000004,12.155350921499007,-12.680897064608263,53.72110825186462
48.68,12.881906131801632,-14.342167758541695,53.91167935383071
48.7,12.854856115621484,-15.669776707246085,53.98710414818571
48.72,13.725066864947163,-18.144296760472855,54.333100346378075
48.74,14.317826165221122,-19.332710383659183,54.16713209932769
48.76,14.690844068173451,-21.396795129735022,54.05025660376415
48.78,15.254920216981729,-22.504375700325998,54.259534447891504
48.800000000000004,16.18098384849032,-24.89301415755154,53.47232060114039
48.82,17.41863998147697,-26.19417469572958,53.77699807090327
48.84,19.502353870449724,-28.016062464736578,54.010072360456476
48.86,19.657972992027176,-28.768964904162278,54.602628119421645
48.88,21.717937300207186,-30.117261063288293,53.969046377394854
48.9,23.106539997793455,-31.34300667272209,54.134990777873085
48.92,24.289518128002346,-31.54093876875802,54.18705170586442
48.94,25.9432969421679,-33.04861674185014,54.23185777167495
48.96,27.722640877426272,-33.20186079888879,53.9620620833843
48.980000000000004,28.87086793621411,-33.98162728119483,53.848231331344145
49,30.053931651536885,-34.226479203283795,54.30861757983703
49.02,31.11718808306865,-34.161728086167315,54.04377406351695
49.04,32.82633971111818,-34.03603783117589,54.02307834458115
49.06,34.20377685239542,-33.59228769632659,53.874977890594636
49.08,35.117391875999125,-33.605735921823296,54.069260425749334
49.1,36.44656638441116,-33.204619172777214,53.86507678010338
49.120000000000005,38.06038054875601,-32.305919044001385,54.32954304234917
49.14,39.040981688984395,-31.225017239093525,53.744657575296095
49.160000000000004,39.77342578732642,-30.47018955157821,54.27883233961302
49.18,40.999960204767305,-29.157513061541955,53.53004291233623
49.2,41.449043999946035,-27.431399805322457,54.73973214458208
49.22,41.57811980026243,-26.90288888130475,54.20036884166845
49.24,42.41741132669905,-24.848339878772105,53.8907550442119
49.26,43.437639519240776,-23.344398089200922,53.81918250993441
49.28,42.66485169892864,-22.082849524495742,53.76684308125785
49.300000000000004,43.19162974565092,-20.75285813736214,53.90175475579484
49.32,43.196122628043994,-17.68695533732142,54.21738015987477
49.34,43.105021761464606,-16.058886859529004,53.738718788330914
49.36,42.82119668012779,-14.458168701969093,54.323596713026774
49.38,43.031109662890245,-12.928094830420003,54.26224474225457
49.4,41.875470178855466,-11.237261688435737,54.19949451273924
49.42,41.14552402610141,-9.184646481330724,54.00176616183398
49.44,40.30451037938592,-7.302490243109718,54.644122951276714
49.46,39.843027369058134,-5.545720531737029,53.68615423992187
49.480000000000004,38.6006215384283,-4.446965397223238,54.036592399724206
49.5,37.2899960173956,-2.7565321833716823,53.589216484670864
49.52,36.09507743610831,-1.4762375062713193,53.56636661714327
49.54,34.658613062302024,-0.24606718093317603,53.679215259834834
49.56,33.43799729007804,0.9700731935674778,54.17289854069299
49.58,31.925797088831125,2.376476428406745,53.68184838170798
49.6,30.731099557868845,2.660133453161718,53.61895794701297
49.620000000000005,29.53594702491766,3.620092058693791,53.90737941217911
49.64,27.77382373039907,3.3921507339154964,53.89246936748718
49.660000000000004,26.8386239965713,3.310478443811,54.26828447047782
49.68,24.905252877769584,4.315743125815516,53.95524120493881
49.7,23.467924321159916,4.07757315657723,53.8048500750991
49.72,22.533981821809725,4.533349757636655,53.877975752162236
49.74,20.872889614559647,3.4771828372111546,53.93821434660609
49.76,19.936975720188215,3.2288795465271747,54.053340356881705
49.78,18.320244326607625,2.779403893340687,54.17309146115416
49.800000000000004,17.514632434219386,1.8333867739129523,54.56172255073049
49.82,16.41717337185149,1.037811182006232,53.932562291994294
49.84,15.658128992075168,0.12084981848673593,54.07454997878209
49.86,14.89857610596913,-1.7110564914240847,53.95781388077165
49.88,14.261292758039946,-2.750659088903845,54.51505803983195
49.9,13.449796584184774,-4.359831759775886,53.80928165212818
49.92,13.65193141754844,-5.988785818659867,54.14033134526996
49.94,13.118486380774673,-7.621248535484506,54.33688043779175
49.96,13.203060531197037,-9.599949826369986,53.7457734763863
49.980000000000004,12.600811512907601,-11.710379480390895,53.83594457093261
50,12.458476267628336,-12.85121553427793,54.10377385797455
50.02,13.11338708765689,-14.78844475225791,53.89929068482106
50.04,12.96664662662588,-15.653210419354497,54.12741801079189
50.06,13.933001670217942,-18.061674930258594,53.91334321989707
50.08,14.299817696861192,-20.123387998126475,53.64310488918801
50.1,14.914208984155303,-21.84025370246839,53.708843323370665
50.120000000000005,16.125492508500276,-24.11291516406586,53.578892156134266
50.14,17.203803611835596,-25.335239807718104,54.125190833774965
50.160000000000004,18.28491520233865,-27.238801231711136,54.1530030275776
50.18,19.526108391127586,-28.74022449428804,54.07154971914669
50.2,20.532992470868386,-29.82042452132506,53.74940546993484
50.22,21.870645429794262,-30.354145641994293,54.426168297777195
50.24,23.41046815623919,-31.46784185725027,53.736113782061054
50.26,24.519990577048883,-31.864469708761277,53.55070933742499
50.28,26.566353079892405,-33.11987200072807,53.68610954488215
50.300000000000004,27.483428349889067,-33.460039166163284,53.62968865388656
50.32,28.8062504142287,-33.92539830203511,53.41708245851453
50.34,30.769365459428435,-34.05554884849732,53.587819572659285
50.36,32.01621564687825,-34.548604152291,54.04298783242259
50.38,32.738333401063784,-34.52867627375031,54.052246185310466
50.4,34.924150726194426,-33.81437325332246,54.60728290982555
50.42,35.746969721154166,-33.222898508474216,53.2533879437189
50.44,37.86503743341989,-32.88334340900828,54.66208202400728
50.46,38.29227911312559,-32.13249087895848,54.488181707719384
50.480000000000004,39.039566526281035,-31.270527330611543,54.121733954171475
50.5,40.32811964300402,-29.922570301935313,53.95855060158543
50.52,40.983034176369216,-28.637217948297113,53.85739575755136
50.54,42.06872881748164,-27.920201322171906,53.81954759353291
50.56,42.452562774122235,-25.840518252480017,54.76998724876014
50.58,20.00873003973584,-22.263050145422703,78.95025320301973
50.6,43.12329983155758,-22.762365755618603,53.729680404706215
50.620000000000005,42.961944571047255,-21.471704102690687,53.49123969608939
50.64,43.21040202585748,-18.87529549371798,54.019652079974726
50.660000000000004,43.30722365899906,-17.151559399093976,53.813846020819796
50.68,43.31886557395088,-16.34307507391942,54.18194602855324
50.7,42.41605461554616,-14.161820831856778,54.02189667795658
50.72,42.39132393248332,-11.59160511828061,54.07868046882856
50.74,41.53843934977318,-10.548288802837346,53.84080702281717
50.76,40.73891491372237,-8.186901796027378,54.01100385688864
50.78,40.427669473750015,-7.519648507912157,54.38992866226408
50.800000000000004,39.05668016030837,-5.303886344630541,54.35654324577618
50.82,38.17264833765462,-2.911497631543634,53.84164763070215
50.84,36.81173472646319,-2.4611962362777504,53.78903565378969
50.86,35.67664637298905,-1.0312871248274984,53.6739554191487
50.88,34.66711218765925,-0.12495693552305909,53.90586542967636
50.9,33.38049680959312,1.137012194811259,54.01523774824919
50.92,32.0324322979654,2.147112580365917,54.103945998627346
50.94,30.511399851458954,3.2182590947553553,53.78757519858319
50.96,28.965384391743818,4.3097678553754,53.756429211578165
50.980000000000004,26.861638736756724,4.080061988495869,53.9236496727144
51,26.147297291606577,4.089690143414126,53.69062419345569
51.02,24.279206908169172,4.217057459537132,53.89241753804226
51.04,23.15504202652526,4.547826759259678,54.47659553322179
51.06,21.82599585526247,3.874600403433508,53.41841344240913
51.08,20.321198128014952,3.7498518222756783,53.500477810141746
51.1,19.15916958032534,3.2811453505027117,54.08992095997218
51.120000000000005,18.33389076562734,2.1160207879121042,54.07857795650989
51.14,17.419938272409865,0.7958786335689414,54.23028721282844
51.160000000000004,16.390158074260324,-0.058575602780715386,54.76406931868223
51.18,1.2379999193713065,10.246781546657655,34.89367265776268
51.2,14.908534998844594,-2.1930747154324557,53.71714229349321
51.22,13.328933785243265,-3.613720173432961,53.576811371289864
51.24,13.027855080333422,-5.461213599181821,54.009941049513
51.26,13.0938658935884,-7.33837103913026,53.18561539549043
51.28,12.581742404940805,-8.77949231469432,53.8759364125454
51.300000000000004,12.652692844240491,-9.97587824579777,54.146459556675865
51.32,12.844192850759429,-11.56306322415486,54.300506625913876
51.34,12.89614544037175,-13.318820261983763,54.244769069260435
51.36,13.109620276971,-15.503848492858332,53.871735422885656
51.38,13.61484970902306,-17.43033916776436,53.64072364182902
51.4,13.742767413659458,-19.037897914363118,53.93068576784406
51.42,14.700177670853526,-21.144096534465604,54.32954809432787
51.44,15.513352041469865,-22.468541234606867,54.20169685840273
51.46,16.870487485434452,-24.652893979195866,54.42091691429027
51.480000000000004,17.594771333530304,-25.749428868491677,53.777223091104425
51.5,18.77057847254134,-27.26363250198888,54.20871374919474
51.52,19.466715893371884,-28.87421323543169,54.255576024442604
51.54,20.93255834058774,-29.153506397062706,53.86117092061005
51.56,22.010915383940375,-30.971060927697074,53.75958104045117
51.58,24.141164630835,-31.49931981947192,53.89169960781157
51.6,25.06831544896648,-32.87359017302616,54.0902156225731
51.620000000000005,26.952409772408505,-32.85643105981587,54.5039247307532
51.64,27.906883231011427,-33.45830994936281,54.029808621658916
51.660000000000004,29.944894640772503,-34.95797373569015,53.60859454813806
51.68,31.276909517999712,-33.97093864573247,53.96544889053031
51.7,32.115515984433316,-34.07938861012058,54.212058066254535
51.72,33.657308329826485,-33.933436208801254,53.82738362075334
51.74,35.30264907218367,-33.956768486789954,54.61537551847155
51.76,64.89620477582744,-36.50419224648542,39.07900152402138
51.78,37.31851864055547,-32.16494474328647,54.07333067741472
51.800000000000004,38.32331899013691,-31.427891196833357,54.00054221685855
51.82,39.74992694714956,-30.433123930248353,54.36617273984654
51.84,40.603222625531366,-29.42531854616918,53.89290145992214
51.86,41.46092538461581,-28.496087485099633,54.570760685542965
51.88,42.407097403758314,-27.13671288746788,53.519050978917136
51.9,42.254442859969345,-25.50854569578093,54.26546723951587
51.92,42.98424554353944,-23.81719829303934,54.15780347519272
51.94,43.090041163965395,-22.15200725103677,54.189255629764546
51.96,43.236971345622166,-20.330722222785642,53.72612127761124
51.980000000000004,43.75219102168478,-18.425152671357118,53.6415140667293
52,43.31912328556714,-17.181177559181876,54.199023147526404
52.02,43.176319151177424,-15.513127672230935,53.8341278328604
52.04,42.1678764620446,-13.566308402972194,53.665820084125386
52.06,42.1582623993782,-11.198078932488935,54.51571852845514
52.08,40.81910909947467,-9.784528220250127,53.943876475961524
52.1,40.99886378213096,-7.770936391854049,54.000335093151925
52.120000000000005,39.93438766779977,-6.635239017916339,54.579296891566976
52.14,38.707865153759286,-4.4834857188742205,53.116133630241386
52.160000000000004,37.66443961183299,-3.529359451506453,54.166114994324744
52.18,36.46222557434583,-1.9241946882507062,54.272126507404415
52.2,35.33186700926933,-0.9253239013081895,54.05375120337678
52.22,33.63363653455167,0.6750043305282656,54.518553211105775
52.24,32.50936508195013,1.1047627979094976,54.15906414962354
52.26,31.63094017416072,2.4729999724860416,54.49780829943602
52.28,29.30542720607932,3.5676645533760993,53.451816515891764
52.300000000000004,28.358849022438218,3.5796086262164764,54.12686536681872
52.32,26.582708895467018,3.9725857851824866,54.07079647375013
52.34,25.9803324383381,3.9794351519288433,54.0373115965487
52.36,24.557969428323993,4.580151882712704,53.89756490514531
52.38,22.662589991677418,4.65558949850846,53.87864028060339
52.4,21.561794941808337,3.9208711507294502,54.09360687837224
52.42,19.91849810953343,3.5208176827803133,54.042708294377164
52.44,18.531819939263052,2.79613570817755,53.97425256682074
52.46,18.05460881379274,2.1007540101035307,53.4594475025978
52.480000000000004,17.478472359251878,0.990541749006141,54.078606383292566
52.5,15.812326831674879,0.18832932594597374,54.152657501038306
52.52,15.174325768556937,-1.1230960616240608,53.955244422757524
52.54,13.683618032867102,-2.817217456070539,54.10153223829541
52.56,13.683803337926417,-3.636367178827898,53.81014394811278
52.58,12.77902046119064,-5.689777356769241,53.96313226602905
52.6,12.808719881711033,-7.028830137928092,53.805912335149614
52.620000000000005,12.53532525667894,-8.944006024244445,54.234260728340956
52.64,12.832616563619938,-10.76666767262349,53.43843935245491
52.660000000000004,12.97731882229701,-12.344233117780991,54.21424220371405
52.68,13.343588886237598,-14.264439159491598,54.55124953279321
52.7,13.152009437006878,-16.214804652325622,54.12633445332314
52.72,13.389089306676633,-17.504557873604988,53.85293884938511
52.74,14.684634101969703,-20.213642211603013,54.16609095594545
52.76,14.650744055149946,-21.061653824249667,53.90797308560127
52.78,15.710159336725352,-22.872654413627423,53.82896217418118
52.800000000000004,21.55146535443355,-14.630719517818854,71.91385230057554
52.82,17.635022502405757,-26.063792328517373,53.93880819535714
52.84,19.489981122216644,-26.985070848301554,54.20344110635511
52.86,20.341008291216117,-28.555057986742256,53.3685033591745
52.88,22.048680480318776,-30.402843215144802,54.17556565425336
52.9,22.64572092784963,-30.664892642343943,53.49330200520297
52.92,24.166079531179996,-32.090560029989156,54.01930687416068
52.94,25.46098169945286,-32.431953476289664,53.97764143427205
52.96,26.771764183834556,-33.68087294939855,53.827559742808404
52.980000000000004,28.27995685719373,-33.53523830202746,54.2355502580868
53,28.791454535133457,-15.062680589746925,78.32696321994747
53.02,31.125229769279745,-34.416537589952114,54.414386822246655
53.04,32.801406151645224,-34.06071909747769,54.43373315567855
53.06,34.61168221607271,-33.97187215293448,53.877015441938624
53.08,35.776974716099325,-33.57047716858043,53.82290506198095
53.1,36.894115967579054,-32.80279208487484,54.44971936788767
53.120000000000005,37.51764124082116,-32.25796048164517,53.928521926736984
53.14,38.91141024851219,-31.33745116592584,53.97838914838933
53.160000000000004,40.185586019002905,-30.499747178681222,53.690512426532976
53.18,41.095052207485594,-29.771919604871375,54.221972724775725
53.2,41.85218347990602,-26.99272034016028,53.17162415374883
53.22,42.51816025488434,-26.50806460954619,54.110534623312496
53.24,42.86006228926536,-24.61731447547956,54.29718073583601
53.26,43.12993679892397,-23.63326056777551,53.85529037993782
53.28,43.439817246830344,-21.603269899374062,53.73846657681487
53.300000000000004,43.941500706200486,-20.261737108802414,53.859876300170235
53.32,43.32732958179887,-18.328203459555066,54.39241805725928
53.34,43.29334377130204,-16.783144996040278,54.08694585522403
53.36,42.87159726782403,-15.008973720393929,53.95296510880962
53.38,42.5382412364859,-12.816204283425622,54.01898198620762
53.4,42.50147069979454,-11.240570393784742,54.14114061360169
53.42,41.54579195009979,-9.20751165337608,53.868235426377396
53.44,40.35326961417557,-7.773844575263892,54.11280493511624
53.46,39.605283386692435,-5.397241732958959,53.820897514138586
53.480000000000004,38.1570598710608,-4.531955133044793,54.337356024228775
53.5,37.57448314530986,-2.5560039931626264,53.4760963892675
53.52,35.96025144441735,-1.2597020890505135,54.75096978568393
53.54,34.93944689908299,-0.45201325779457413,53.69055120578957
53.56,33.678036936729264,1.1425109404659164,54.29630452721693
53.58,31.863754627434865,1.63882759304634,54.188357998221946
53.6,30.64685872734796,2.7513957052500544,53.7501686466307
53.620000000000005,29.768987331051967,3.140471824604841,53.952454016249604
53.64,28.123158286476606,3.7261175407185245,54.310842847377685
53.660000000000004,26.464906594935055,3.7836197302164507,53.90051264160522
53.68,24.99504630747349,4.250280862383924,54.68355169612266
53.7,23.716602403001104,4.683061855700457,54.09557512407875
53.72,21.75772907851489,4.330555426310465,53.94524178491197
53.74,21.008457680932025,3.4840534282545743,54.05211705075987
53.76,19.404007709699794,3.2943511160877996,53.83595675654106
53.78,18.97287649649637,2.2180202111609066,54.072555141396066
53.800000000000004,17.55111573993642,1.5077696656878654,53.91755861559581
53.82,15.9678017825893,0.9482811792344048,54.3833261128278
53.84,15.466775623275723,-0.364200480629167,54.0256960571137
53.86,14.600207290719151,-1.4225972883309623,53.766287863208106
53.88,14.35268823560968,-3.273279635488935,53.76833634682508
53.9,13.410727132478936,-4.382476714532459,54.213971705273835
53.92,13.220949207016353,-6.65367208814064,53.87954860272584
53.94,12.57334856742101,-7.856644797640457,54.29350535222585
53.96,12.85807105636388,-9.569091270609498,53.42056477158761
53.980000000000004,12.84351553116176,-11.392080626444821,54.0370562609564
54,13.069433846987184,-12.832386037459916,54.29188823071295
54.02,12.822479750223435,-14.609304426284059,54.44329370594592
54.04,13.102008448432784,-16.721881929924297,54.31333283960636
54.06,13.827344168550326,-18.35431782155041,53.72186430735619
54.08,13.887728517730991,-20.062292500200215,53.551051651984494
54.1,15.58947807791921,-21.828313834790638,54.46518479529601
54.120000000000005,16.496049129033327,-23.006458635083195,54.167595186325386
54.14,17.15162208644854,-25.216830482755412,54.356821693402345
54.160000000000004,18.25379983574436,-26.335636772874288,53.73700583320277
54.18,18.719896747329955,-27.915912407213142,53.789072099867255
54.2,20.895408592789533,-29.507526017066183,54.07913688910069
54.22,21.637188758455864,-30.129350101072873,53.52669155313181
54.24,23.18534197188945,-31.311987182009325,53.97304839469923
54.26,24.465964495209526,-32.490165236370466,54.23739892607075
54.28,26.14374898341724,-33.08689530876455,53.984790819189236
54.300000000000004,27.745182873834082,-34.01008261596951,54.66866160031135
54.32,28.798622051471828,-34.1049158679035,54.1295532565674
54.34,30.00946286647932,-34.301745221087685,53.54734583228531
54.36,32.194617989602094,-33.87173186082934,53.79360156286732
54.38,33.13730187059022,-34.49911358577555,54.1263413845667
54.4,34.450148192924246,-34.1912756098844,53.7836429795794
54.42,35.97042046636899,-33.045121812022174,54.07657052082162
54.44,37.0972702292667,-33.14633673007544,54.37030115355069
54.46,38.31929390248667,-32.02363813653621,53.63870652580746
54.480000000000004,38.670462382103835,-30.877275099607786,53.9504916249267
54.5,40.25954018309281,-29.847811772311374,54.055761851237584
54.52,41.12153822578615,-29.03641973578025,53.90649669185176
54.54,42.05951017756796,-28.33491138130907,54.000037595783766
54.56,42.45243281638503,-25.45771800559905,53.878752480530814
54.58,42.860345786205244,-24.592354431725127,53.90645467590282
54.6,43.066756424538525,-22.83967436927336,53.63951370460316
54.620000000000005,43.914912150210014,-20.883770755963866,54.22800495191066
54.64,43.589625468970894,-19.426424249835385,54.21267457062778
54.660000000000004,43.13494858898338,-17.54472021843143,53.866035303976815
54.68,42.924441998398194,-16.119745188081158,53.41514739674511
54.7,42.5394549585682,-14.105959584887676,53.44111603233956
54.72,41.83102142484925,-12.141043659213093,53.7589175818666
54.74,41.89292314919789,-10.642566522966689,54.35565195493063
54.76,40.942182547649246,-8.19882202965028,53.90112962850504
54.78,39.858801443555514,-7.211433208734791,54.3676544697245
54.800000000000004,38.90206580676253,-6.012049513956052,53.84133700968397
54.82,38.70543357568102,-3.9205577604720734,54.31052251116768
54.84,36.75223938617789,-2.431844538112351,54.19326437299929
54.86,35.97026561933209,-1.1160480588908293,54.116215995034054
54.88,34.78805545519403,0.15963031758058221,53.82384470365308
54.9,32.9704382735367,1.5960451927418582,54.203026824828456
54.92,31.91405370072733,1.7854524544877286,54.1018576731241
54.94,30.331937986510347,2.92046263354254,53.8955499497055
54.96,28.430105145073775,3.1596701680364188,53.966946785199156
54.980000000000004,27.389603534834873,4.092342788886933,53.80895158661267
55,26.685584151281468,4.093362112402277,54.00912718545531
55.02,24.597449365226215,4.01919437194743,54.55379564211727
55.04,23.33198094313567,3.9960309059961396,54.03448715132137
55.06,22.242593129554805,3.4042476718700314,54.098932071740904
55.08,20.597167711841553,3.465618325804863,53.88151338822636
55.1,19.47501814720298,3.1430548707734367,54.318829762856595
55.120000000000005,17.734357751376194,1.8039287384728908,53.60198015987647
55.14,17.424818350789913,1.5766428046113798,54.27969699988356
55.160000000000004,15.954407481094378,0.5434548662561625,54.12448680028008
55.18,15.37477593562995,-0.6425874441605526,54.16027527498381
55.2,14.583691607286983,-2.2750042068165737,53.80091957492548
55.22,14.178039884159567,-3.5474127075369317,53.89829499158361
55.24,12.889580190869449,-5.0599300926959625,54.06656073417297
55.26,13.000133951306944,-6.704311127316794,54.11742810963085
55.28,12.401396704293234,-8.540911889594348,54.304362978238224
55.300000000000004,12.37680174360914,-10.428982395621984,54.173080581425765
55.32,12.704682466274633,-12.1072337239755,54.086341933704105
55.34,13.07742883148277,-14.099000210161261,54.30540172576208
55.36,13.721585436228498,-15.22945368769408,53.94236397108592
55.38,13.454506979185288,-16.713132349453943,53.898696235634866
55.4,13.6357452357504,-19.426398821360984,54.17583119354089
55.42,14.735401951615836,-20.38726458249475,54.2865571139038
55.44,15.341035053257798,-22.585989731637092,54.66093017186044
55.46,16.218589404739276,-24.40864451041798,53.97981850214741
55.480000000000004,17.791877236021286,-26.02270078880057,53.54088495486766
55.5,19.07035798018748,-27.60711914060151,54.09356174378341
55.52,19.57224790399784,-27.6847281900035,53.82454439688908
55.54,20.951914721543808,-29.7890241860171,54.25330698162407
55.56,22.442319805892726,-30.659721377780237,54.407676632849466
55.58,24.19297616873347,-31.634699176236726,54.26692667433788
55.6,25.086963814177846,-32.644354714127694,54.15998473416471
55.620000000000005,26.20823401745322,-33.45799347498299,53.88571188131678
55.64,28.135552637630653,-34.26312867862125,54.294368615990045
55.660000000000004,29.09166779845745,-34.18695522481808,53.713001033336646
55.68,30.784827562527553,-34.154763186496474,53.75661769950023
55.7,32.17737261905803,-34.133966764804775,53.45213191863374
55.72,34.08546929716068,-34.2438118628433,53.98557566724556
55.74,34.47862160655878,-33.863048934709795,54.284404559314105
55.76,35.88035263809745,-33.62883944290205,53.95072909166191
55.78,38.09493802525303,-33.01921469838532,53.57859960262754
55.800000000000004,38.68030383273245,-32.008850088968266,54.19910481418636
55.82,40.02284072087292,-30.622306056282667,54.03442833377308
55.84,40.69735888397216,-29.808884589373847,54.31107927103538
55.86,41.51633535667018,-28.029029196555726,54.52992091740579
55.88,41.858835259131695,-26.77775736610262,53.53773663252472
55.9,42.60541348294582,-26.104191910895736,53.914949324624644
55.92,43.21949608307199,-24.039165253373397,53.83743440197833
55.94,43.116509341866134,-22.078870498846342,53.92232741460941
55.96,43.24596324864208,-20.831759429268878,53.8950812140393
55.980000000000004,43.4802502141677,-18.834452107519397,53.617182612427314
56,43.06410536240074,-17.147113636722324,53.71592270089579
56.02,42.74095009710514,-15.354089598908297,54.29414764994915
56.04,42.41560931396003,-13.311074503965274,54.22836728408567
56.06,41.96383901339654,-10.842154546559533,54.05247125163914
56.08,41.43014845958232,-9.654959862275156,54.05386723977425
56.1,40.51987891271415,-7.598841706001156,54.236396994748446
56.120000000000005,39.934420345094345,-6.536224106102127,54.19998000112525
56.14,39.04457403325543,-4.989488366947159,53.61833997441563
56.160000000000004,37.75931293728548,-3.674859126688718,54.077591316870894
56.18,36.66013580339764,-2.0712594445438928,54.16040164549861
56.2,35.69790748990464,-0.9031206050287821,54.0367392740949
56.22,34.04078961741111,0.20552539607044906,53.13531924726222
56.24,32.758589227750704,1.1482521332726598,54.16464561887828
56.26,31.06709277349829,2.423213657834351,54.09449277796322
56.28,29.818130128562064,3.007893615880187,53.93018200428229
56.300000000000004,28.451326631297867,3.11990393060376,53.985914023256655
56.32,27.181735604351722,3.213581309099414,53.919591196000965
56.34,25.57684273117013,4.694006250475351,54.114238935766664
56.36,24.331326676451113,4.463576407976513,54.26652667589536
56.38,22.75885802698892,3.764969468372076,54.00542572757851
56.4,21.176611542535365,3.970007113515315,53.62782368208046
56.42,19.88672586015644,3.556847551234714,54.25245181871291
56.44,18.46645304138913,2.460619796126826,53.845202722913335
56.46,17.698975226779073,2.1948620443506783,53.877188020427106
56.480000000000004,16.82665475724629,1.6106959238444425,54.702903858803744
56.5,15.671002744253947,-0.08919469792045653,54.24730169775751
56.52,14.791516330887685,-1.4520590107600952,53.58191056039872
56.54,14.447700627270045,-2.5939674260478665,54.04402610650014
56.56,13.734120819808282,-3.9176250575574922,53.93146326104145
56.58,13.409327333886415,-6.0250762804207,54.67223592795109
56.6,12.499750741730114,-7.047274545992129,54.02347043513109
56.620000000000005,13.243879977451531,-9.232220565855414,54.5349313131106
56.64,12.556632895677845,-10.459741583636713,53.830966731545644
56.660000000000004,13.192441648304289,-12.23507666320414,53.725712133362144
56.68,12.413319895489952,-13.313947192725454,54.31243486113022
56.7,13.048392488420369,-16.33826032363215,53.91862101631807
56.72,13.232171549637329,-17.6858169755373,53.984172674218826
56.74,14.10820000856977,-19.540123526003654,54.34421976629871
56.76,14.680921082992436,-21.369118096933388,53.879883892420466
56.78,15.553131812403779,-23.391107207349812,53.93341589853032
56.800000000000004,16.81500492328083,-24.39982161484943,54.55850218427993
56.82,17.774403421648238,-25.989323324029403,53.96188587094391
56.84,18.429055021256726,-27.417185679865327,53.31372971627353
56.86,19.782043559690297,-28.88461650718269,54.116377933615034
56.88,21.596074385068263,-30.483634714728687,54.03607732875514
56.9,23.320561301251097,-31.36995688225666,54.11702376764106
56.92,24.741203793504162,-31.744077895291596,53.56429184026321
56.94,25.585219138348243,-32.71159893542636,54.16337540345955
56.96,27.039250060231453,-33.19722364687503,53.8876174451128
56.980000000000004,28.495163241176847,-33.9209842057759,53.567452255876475
57,29.743188726842767,-33.99804884381111,53.84833533645479
57.02,31.25275493007325,-33.796361127860564,53.90146358801171
57.04,33.2742258900533,-34.00702940573778,53.38538926692607
57.06,34.021305279478256,-34.195577332580235,54.16285575519426
57.08,35.855151508597324,-33.0127521897114,53.77508189039531
57.1,36.360767077749514,-33.18078288850523,53.862759996446385
57.120000000000005,37.625187633050544,-31.90389613453131,53.98423203094646
57.14,39.0551476275468,-31.16793905499835,53.51750263413107
57.160000000000004,39.683953513718265,-30.217037090388043,53.80767628837229
57.18,41.04723896762667,-29.298391751665683,54.072592022105134
57.2,41.854369241310266,-28.34514581493162,53.45155289746477
57.22,42.33852806957111,-26.498764202047752,53.50043797579521
57.24,41.951584278521196,-25.783619265773787,54.010118613836234
57.26,43.22039865175171,-23.41049900118902,53.79090693659653
57.28,43.74008297999004,-21.263313228265684,54.186809464438916
57.300000000000004,43.135984421912795,-19.82476730887154,53.542679304021895
57.32,43.032074682695075,-18.796671543087626,54.02565060354842
57.34,43.42899900463077,-15.937807345105679,53.83923167327157
57.36,42.75841283590168,-14.652051728388408,54.12623191539106
57.38,42.382967562634406,-13.022286114228052,54.24708087200065
57.4,41.73712294829619,-10.974246911997378,54.58641416955584
57.42,41.1808366396765,-9.057230918033074,53.822364420880064
57.44,40.6636848867214,-7.499282687836311,53.77913385529888
57.46,39.264640544746776,-5.873399342189428,53.934100760112564
57.480000000000004,38.32957466049814,-4.848720900220524,54.10797253470314
57.5,37.72303187026996,-2.4300783949977944,53.86670282733997
57.52,36.03797168660555,-1.8345922004923025,53.79770472452656
57.54,34.793355133314904,-0.30080102447069024,53.67705224114929
57.56,33.4469325395515,0.5214569631615777,53.806468191826845
57.58,32.665699644953875,2.191172475276977,53.86943406032202
57.6,30.987915273842255,2.435873428312375,53.952340201458966
57.620000000000005,28.831014812063742,3.3898641542918586,54.13534666527294
57.64,27.07158872300465,3.662988026293071,54.22491760447407
57.660000000000004,26.37499122027512,4.522867578404812,53.89544437782179
57.68,25.198299227790105,4.012826690631577,53.84765065329479
57.7,23.721602461807258,3.9927481218113208,53.38079740138919
57.72,22.290153034761232,4.274164768763034,53.8958349683879
57.74,21.134696418092968,3.3852460272871667,54.19744436196075
57.76,19.176039490836885,3.1826018157464677,54.060540729324444
57.78,18.89866015712949,2.757754223795539,54.12373202889474
57.800000000000004,17.18987081588743,1.4716206186907712,54.36903417779595
57.82,16.23817140060812,0.6788614587156641,54.01800560137556
57.84,15.525357636562553,-0.0246760406463018,54.34191952720144
57.86,15.087224037726282,-1.7174561620476183,53.84192042938547
57.88,13.846568468607849,-3.0846319914914755,54.03399715793937
57.9,13.637288478272495,-4.7527445996487945,53.193492813026744
57.92,12.9842854923223,-6.0555080382948,54.302255594712385
57.94,12.929029999910046,-7.634591773868002,54.0852248728646
57.96,12.850828412391548,-9.818352436339218,54.297914732083015
57.980000000000004,12.828341696906374,-10.930452883874118,53.848557248628275
58,12.115289228113824,-13.259096426744817,54.244153930316074
58.02,12.786237472518254,-14.738084924861836,53.581259808878045
58.04,13.10814431859512,-16.30462415958863,54.171908845143264
58.06,13.916780270213588,-18.55897369411203,53.74499683396396
58.08,14.394863206011566,-20.046453285894664,54.43278912234606
58.1,15.727066496613086,-21.958646401017553,54.3417322791365
58.120000000000005,16.559014440477206,-23.296024181806388,54.23632716879179
58.14,17.62942969228977,-24.854461289424833,54.334451698126756
58.160000000000004,18.348661120184794,-26.59329923760459,53.65123101880913
58.18,19.42813049813544,-27.33327917914311,54.348639301803004
58.2,20.926687492688224,-29.401324459225194,53.34520520857027
58.22,21.54196430143442,-30.130254027531784,53.50623764872425
58.24,23.102049008868836,-31.29675697671142,54.0515493444113
58.26,24.58457906967322,-32.17684851215919,54.15219198040429
58.28,26.1461924963961,-32.466221337826624,54.325449014439656
58.300000000000004,27.487000185570615,-33.95456236855124,54.19396098637522
58.32,28.662915736791085,-33.97476826824339,54.00153332350568
58.34,30.363682915507475,-34.74623106122973,54.01592693391779
58.36,31.34212966237893,-34.493680453241446,53.729718378432906
58.38,33.357346194394374,-33.785062404614585,53.56144890267802
58.4,34.8582126808261,-34.13708503861899,54.489740939255185
58.42,35.30445635647812,-33.519212212593985,54.126890381663145
58.44,37.422130358380315,-32.57470157191377,54.03016705816016
58.46,38.425705100608056,-32.34629361115655,54.33408643155732
58.480000000000004,39.22575046995604,-31.337030036365974,53.947870875855855
58.5,40.31786068489828,-30.254739530233905,54.46254028193174
58.52,41.72884908634041,-28.89006700684503,54.41799309100682
58.54,41.54715860662519,-27.468315792765367,53.94251968975695
58.56,42.39914207729923,-26.06403030730285,54.36815575598657
58.58,42.53572053282498,-24.446162869942718,53.8162337162028
58.6,42.83723869265018,-22.960976925099594,54.1890552935696
58.620000000000005,42.64487282500983,-20.626565783477233,54.04524587750913
58.64,43.95649286533876,-18.95744303262053,54.020298901774076
58.660000000000004,43.47314431466765,-17.59834284389057,53.88166400806543
58.68,42.975009876464966,-16.0293318950642,54.20469174693457
58.7,42.328136403783006,-13.728546116567543,54.12039340646046
58.72,42.497451426603504,-11.880377564497802,53.39604253398633
58.74,41.52763081845854,-10.574448931446,53.66656463161693
58.76,40.447398312384344,-8.43805992761431,53.69971363438423
58.78,40.287554182405756,-7.2470992547026345,54.06142752506314
58.800000000000004,38.94579398624793,-5.4650946905073,54.11045452375708
58.82,37.78919780738218,-3.6833929812585566,53.958845437390806
58.84,37.60759947399664,-2.4334729819254406,54.224564207367365
58.86,35.775979352735305,-0.663589838713385,54.076305622075466
58.88,34.91375275707634,0.2984324850550717,54.255852517638644
58.9,32.75338259654157,1.532940536603169,53.66752638963047
58.92,31.746340284712787,1.7618455706859812,53.74610069085943
58.94,29.574767098548413,2.7730668900131867,53.23041245376155
58.96,28.902406354034788,3.681871207661935,54.04277161663113
58.980000000000004,26.92949018868971,4.034823499075269,53.88349144659163
59,26.27574305137805,4.460856410942599,54.227663643715026
59.02,24.609980085779107,4.046088485307152,53.94295932820781
59.04,23.045612453897977,4.004842948701848,54.37316382621951
59.06,21.58472781041457,3.801740839933439,54.36159560529002
59.08,20.3430426123807,3.8583111551361977,54.18757443295348
59.1,18.988451438367925,2.646596507562842,54.40041703402289
59.120000000000005,17.851274641965674,2.174686361644019,54.28017537152453
59.14,17.21635228614306,1.2577491018303508,54.03371300824969
59.160000000000004,15.940461648300682,0.624359321704123,53.648904037173665
59.18,15.127397106591513,-1.050024159008613,53.64836150345276
59.2,14.585930447662001,-1.5437488313448142,53.98147772479559
59.22,13.719869172030265,-3.2263996563369446,53.015463146184146
59.24,13.78815744919928,-4.87013532554775,53.74002343652146
59.26,13.0531812226677,-6.517932455698171,54.2728298124638
59.28,12.553283129018464,-8.165587706171253,53.658361910941146
59.300000000000004,12.44321161528202,-10.411572711049379,54.08751277638092
59.32,12.053507747142277,-11.446001656439506,53.45494167538146
59.34,13.042864402452873,-13.373478347209115,54.096195402108144
59.36,12.778141203039816,-15.52813178558182,54.56244953165737
59.38,12.80856662346306,-17.46582631139611,54.26891783233906
59.4,13.809550005020107,-19.29527753617996,53.75501110655833
59.42,14.37971598147726,-20.788475449550216,53.73570739273951
59.44,15.97932939385119,-22.969302161007903,54.22280920804703
59.46,16.428343761840384,-24.04303513101743,53.90433856912725
59.480000000000004,16.051816186652374,-25.422909472241834,54.40848047051147
59.5,18.670307957847246,-27.31611708034555,54.101143036015486
59.52,19.926344968639853,-28.951549677784236,54.24195693792174
59.54,20.72334616227443,-29.94422223047579,54.692831916492956
59.56,22.014210958348663,-30.898147338840616,53.84795384042137
59.58,23.1299801211047,-32.28397487136955,54.265161946998326
59.6,25.381473182974652,-32.790433374697706,53.68541740352201
59.620000000000005,26.261682435137995,-33.587548442811666,53.74366546148938
59.64,27.241843526109747,-33.713972711920576,53.83202194236311
59.660000000000004,29.23062760075187,-33.936621729182264,53.7446058927879
59.68,31.22816193020439,-33.539377126132976,54.04962150313451
59.7,32.590397919029705,-34.66420848928607,53.830546390368596
59.72,33.014595090757645,-33.747683756807,54.11490693238705
59.74,35.0441472998031,-33.64680103982867,53.83905772234708
59.76,35.93827438751579,-33.07330765095582,53.92700895472746
59.78,37.434200796602866,-32.18944923504519,54.25231899038529
59.800000000000004,38.378925310153505,-31.42826059432376,53.741576769590175
59.82,39.16520271877431,-30.499097766344384,54.04277282589328
59.84,40.79123304440569,-29.68697153680059,53.673942174645006
59.86,41.55234468386701,-27.990970988843365,54.43071183453056
59.88,42.33757572714312,-27.37863164246449,53.80326905486295
59.9,42.167417500929936,-25.575232789348576,53.81065268467531
59.92,43.191314703076955,-23.561365431162734,53.737818023741276
59.94,43.29053895871208,-22.245342397896806,53.70046862596398
59.96,43.847457218544875,-20.151919194401906,54.186721054571095
59.980000000000004,43.017106763180536,-18.59239134685086,53.68064239477047
