#synthetic magnetometer, 33,3333 rpm, hard iron (0,0, 0,0, 0,0) uT
t,x,y,z
0,19.66814554086518,0.042968914183225126,44.6903769370012
0.02,20.436088141052192,1.399190562868166,45.493512792353926
0.04,19.641771192836714,2.5163182182924078,44.54807380527898
0.06,19.550903179341255,4.500813272636445,45.116785103855634
0.08,19.051253537610794,5.755025405821673,44.84638114983028
0.1,18.978939637913378,7.213594481189209,44.936285254806315
0.12,18.14814799302292,7.91856573978483,45.4212444081879
0.14,17.89468081703814,8.79908393573676,45.11899352941152
0.16,16.65477048517955,10.686725760693827,45.0587131276135
0.18,16.23651880667619,11.884654468032233,45.03507409343093
0.2,15.551028809217042,11.983357126537584,45.616081688957465
0.22,14.390800253219432,13.177750411374832,45.43352033164548
0.24,13.3201807878125,14.735870855615046,44.91813614848134
0.26,12.27116894190631,15.362392594323483,44.70182797992398
0.28,11.049242920757028,16.997064586192465,45.05611610710848
0.3,9.932806908778048,17.262955301191976,44.99754439725893
0.32,8.78503581158194,18.04613847102671,44.68140599550063
0.34,7.924273371602382,18.02887264638433,45.576845780890125
0.36,5.734149524417394,19.078264052616348,45.07293910372233
0.38,5.074761859272719,19.0516108659169,44.772994783728016
0.4,3.6426828015777937,19.894210140723978,45.25361701801479
0.42,1.7919985076781528,19.75895213897315,45.36557078687793
0.44,0.5292118415724409,20.21560433009516,44.92319445055893
0.46,-0.7357687930174014,19.779484519620087,44.76926224278829
0.48,-2.4461928357366935,19.187198029135725,45.199631414584324
0.5,-3.687109756067329,19.60583607001894,44.914428513032
0.52,-4.769885659590278,19.943625992155702,45.11458107853345
0.54,-6.470658516204375,19.377332618236544,44.81543749827132
0.56,-7.775466900388684,18.556994859480387,44.71330226559059
0.58,-8.773632311383434,17.91508592944109,45.23197040456972
0.6,-10.005770561180475,17.34689242438129,45.14151444010509
0.62,-11.591884022115003,17.416615633705668,45.29796842009395
0.64,-12.638379404286189,15.599107132818938,45.61973706384353
0.66,-13.687775410749795,14.528082695163663,45.67087063340938
0.68,-13.54911446149147,13.682113333193941,44.59465963281673
0.7000000000000001,-15.574811892876808,13.075051453255975,44.99779213177758
0.72,-16.304837664317354,11.942414014774641,45.310043326540956
0.74,-17.230688941076615,10.277091525262762,44.67383412321452
0.76,-17.61179228454384,9.920838249027444,44.936800476906036
0.78,-18.396048917156126,8.428976319759945,45.086679922646226
0.8,-18.477199356559055,6.725921687329573,45.26890832769288
0.8200000000000001,-19.42611318479723,5.77642837422871,44.9077727918289
0.84,-19.945618807427305,4.136355208498746,44.79650464152103
0.86,-19.914899492114618,2.8088372363771907,45.0127124725673
0.88,-20.45502596467614,1.4824166375567336,44.70895756453272
0.9,-19.95268639343364,0.3155819441542587,44.78466971865522
0.92,-19.561634412436792,-1.3866119071659961,45.555471109208575
0.9400000000000001,-20.07645126542696,-3.5265787054032396,44.837922867898385
0.96,-20.020226835224104,-4.042348451611078,44.485992558717804
0.98,-19.188179939988654,-5.520552464559044,45.12687507226017
1,-19.282659322420198,-6.22691743190209,45.03518660397206
1.02,-18.71573937309283,-8.253235081545272,44.99860947859724
1.04,-17.934636865915014,-9.01358313586437,44.70138250309531
1.06,-17.417644911906024,-10.62683093627592,45.08124172317794
1.08,-15.918700032950472,-11.49416579963659,45.05709331796359
1.1,-15.007302648305867,-12.812263730716765,44.25291902928816
1.12,-14.226334326356648,-13.507584773233033,44.968802042296396
1.1400000000000001,-13.532842467704144,-14.721518641153333,44.70373886265851
1.16,-12.07432865027715,-16.135612184433278,45.711899778387696
1.18,-11.053006878764135,-16.490921601265775,45.17629590195097
1.2,-10.205508302781233,-17.035592848169134,45.079316346929375
1.22,-8.932783740089764,-17.93846574402842,44.362422665404665
1.24,-7.086182034119469,-18.786007011808024,45.04616249939858
1.26,-6.190992774950185,-18.765484912965817,44.840218432776346
1.28,-5.114440002508943,-19.87811896895044,45.38034990548434
1.3,-4.148391955022867,-20.077300691119135,45.24990879486023
1.32,-2.3474213934426955,-19.86572301144121,45.12594857539214
1.34,-1.4184323676824875,-20.238678930898143,45.37137628623884
1.36,0.7260645774514152,-20.29445642497624,44.88679482842597
1.3800000000000001,1.5759532819679976,-19.619175095376722,45.292582492276864
1.4000000000000001,3.731716222026964,-19.76264170728761,44.772814083855735
1.42,4.7397832519443055,-19.647767632390728,44.393741149499675
1.44,6.1143424816353065,-19.390341788383694,45.000253926467
1.46,7.780954626872157,-18.174070228484176,45.20256541093555
1.48,8.720267371708903,-17.73142455981715,45.02498915031005
1.5,9.87078786000761,-17.86974215091772,45.251549979495614
1.52,10.643689146288201,-16.811386121070992,44.90710060785138
1.54,12.145915968354098,-15.576529866047553,44.74742483691691
1.56,13.326420435717322,-15.132393370892279,44.58567337485902
1.58,14.171627208436025,-13.5777930386287,45.29590891363642
1.6,15.524027193177789,-12.709553919254953,44.78850836593942
1.62,15.85387672070596,-11.98826412500032,44.71138258191389
1.6400000000000001,17.284600304290663,-11.028999314055904,44.81476266150815
1.6600000000000001,17.76828642302932,-9.665263036716166,44.60874330046371
1.68,18.478133490977314,-8.58718857906175,44.6989000364167
1.7,18.695951078553996,-7.649271119968006,44.859278197466125
1.72,18.991322751750364,-5.07411093693809,44.9884797000838
1.74,19.5004246750929,-3.869011475090443,44.86219077907322
1.76,19.562558931881462,-2.66463772182883,44.97325034473853
1.78,19.741630012926823,-1.371700515872336,45.24535268448767
1.8,20.02847476748145,0.7917863988401581,45.528520007120335
1.82,20.343503630479283,1.095890253633443,44.82802386656553
1.84,20.43253932744065,2.531534482850354,45.03972895141261
1.86,19.19070033658436,4.771146617555962,44.94059115353483
1.8800000000000001,18.948105089670005,5.099451142496124,44.91481886651223
1.9000000000000001,18.545769545295443,6.938567610362951,44.95079330874512
1.92,18.48024488246127,8.329502272477143,45.16848664503192
1.94,17.13630278707713,8.95912222195034,45.151593696702555
1.96,17.046874899694625,10.64535586062272,45.31238970829275
1.98,16.87221250887509,11.761177109768706,44.61000269584998
2,15.377584049744092,13.35274248407102,44.96155924411719
2.02,14.73925391893368,13.952373556627222,44.84278368951864
2.04,13.503173080465578,14.945357151970054,44.97664369679128
2.06,12.940455540917148,15.769684654744363,44.91612193400404
2.08,10.784829003307514,17.24841759984493,45.56044995440455
2.1,10.59833806647555,17.069061896292745,45.3965935862144
2.12,8.718525981646144,17.68491640481724,45.50650272368549
2.14,7.629394606533582,18.198400019379868,45.06592561382211
2.16,6.632941001192413,19.152302475513817,44.834171711362735
2.18,4.690617623222221,19.378397405862906,44.714874141243484
2.2,3.1825445403037347,19.85677322020632,45.11617348316914
2.22,2.122861008203839,19.969879955658133,44.579825399971526
2.24,0.3060173305693151,20.002198949223267,45.562249099304566
2.2600000000000002,-0.2619915236397793,20.031112792840617,45.029565410541714
2.2800000000000002,-2.234158601151552,19.96717583397991,45.1760001983608
2.3000000000000003,-3.505440852603702,19.739619143928792,44.967963607046684
2.32,-4.183353934798019,19.28440412826,44.65364184614694
2.34,-6.262570281724252,19.16366801626025,45.265358513754904
2.36,-7.245689708018161,18.96423437624673,44.257132782501735
2.38,-8.774627747997517,17.75175284687562,44.624835708718074
2.4,-9.955583606187794,17.7030563257482,45.17193150436157
2.42,-10.966208178247355,16.75583350139703,45.14141166811446
2.44,-11.821767493182493,15.526422417088664,44.67070630565424
2.46,-13.29072134655635,14.730558222159916,44.794756210704136
2.48,-14.04312850775359,13.808428409351848,45.15341206138294
2.5,-15.909736529346793,12.62130152211873,44.90692950965863
2.52,-16.603247817228613,11.435268480661232,45.08824921645301
2.54,-17.44565279095932,10.70717876016294,45.08645886730441
2.56,-17.53998423425652,9.834792346667394,44.91402097354119
2.58,-18.242216859737784,7.759455061490638,45.1280719671225
2.6,-19.051779229183072,6.514271660061694,45.02609345997567
2.62,-19.27985857341804,5.567796210742196,45.46641478279563
2.64,-19.128099304325787,4.357763405818815,45.010800815653496
2.66,-20.020970740690352,2.8623818385232584,45.014381436392576
2.68,-19.825069596064797,1.695040155706637,44.863992429084576
2.7,-20.15394753894336,-0.2750553228045405,45.0029110921456
2.72,-20.205603506792443,-1.3898865673779641,45.17335662394484
2.74,-19.265463248143924,-2.8457627659815907,45.04236058126327
2.7600000000000002,-19.48099725039789,-3.8305129401353066,45.32408296427064
2.7800000000000002,-19.33438865652858,-6.000820079230582,45.059232322315914
2.8000000000000003,-18.945260856088716,-6.988307486350808,44.70335958748854
2.82,-18.52220050570582,-7.555858361639565,44.50456531685349
2.84,-17.475437829354654,-9.137383406174116,44.39876274721692
2.86,-17.0488830412297,-10.561270853588006,44.92933016678708
2.88,-16.268971887151828,-11.325025528207101,44.86347453114657
2.9,-15.407901896241393,-12.988207463670237,45.28761149419976
2.92,-14.305980625979293,-14.174332176551227,44.82644248919466
2.94,-13.143930932989614,-15.061672912084093,44.41351029501872
2.96,-12.538039500857577,-16.111091669328744,44.70817511494735
2.98,-10.931019867470727,-16.643556976829245,44.95056191343495
3,-10.469510593844767,-17.56079909544335,45.458738842717345
3.02,-8.641517003137148,-17.968449334358354,45.32080074290284
3.04,-7.430117296302006,-18.29805421686456,45.64702148545197
3.06,-5.944033473128542,-19.266431643029915,44.863221675953014
3.08,-4.534441812354445,-19.23092368868736,44.87704619660005
3.1,-3.386665258469818,-19.461087246823116,45.1195654713439
3.12,-2.142085303052769,-19.77700034922138,45.25521939940338
3.14,-1.0635753941667674,-19.72733728933668,44.823856642349455
3.16,0.20270940488530848,-19.97564308563555,44.982634949525846
3.18,1.6157139087701813,-19.73815709225335,45.116001734392114
3.2,3.4892814655510254,-19.765011218789827,45.18877851887221
3.22,5.648075516787349,-19.505663760738983,44.96643350527297
3.24,6.631433090812373,-19.244973778433472,45.3055861700831
3.2600000000000002,7.3262771262870485,-18.775960930645965,44.35041631621734
3.2800000000000002,8.620716723302992,-18.462549965332776,45.010153513226214
3.3000000000000003,10.276906042522578,-17.314524991005133,45.23674777403545
3.3200000000000003,10.827659905033823,-16.529247451343025,44.77582688151079
3.34,12.197821562328839,-15.58963445325294,45.19495681068769
3.36,13.018307060990946,-15.01657183124188,44.56308579230466
3.38,14.508621858817737,-14.162972572006181,45.25074241923103
3.4,15.037802181675003,-12.422579984469888,45.07950547459253
3.42,15.960021624072267,-12.203498869811536,44.79423581182566
3.44,17.83916743807741,-10.873607608108149,44.81152749036398
3.46,17.675875292897476,-9.255255188051144,44.72134642741305
3.48,18.103674442791363,-7.814102749747148,45.006211065825134
3.5,18.31950095869928,-6.808203475305445,44.43262257649522
3.52,18.8202726016009,-5.6346047976180005,44.8995200979776
3.54,19.669883909567876,-4.219459585554885,44.83658251641689
3.56,20.22778624756303,-2.798396239131582,45.233138789643945
3.58,19.395960522786694,-1.0300705138161355,44.94114704406383
3.6,19.88451591631067,-0.2253200212092714,45.41894691531447
3.62,20.160898036813798,1.4576907999455218,45.11954354351559
3.64,20.017927521213466,2.6420357882145638,45.42255831925271
3.66,19.52381180919987,4.169810994209837,45.18239541765145
3.68,19.44812660468344,5.691074318652573,44.97294358820643
3.7,18.230514490304294,6.732610346302132,44.44766082689336
3.72,17.664481336489057,8.012721483572532,45.220311885811554
3.74,17.39043418798832,9.519565186678824,44.75107964562987
3.7600000000000002,16.808187563976304,10.277815270143142,45.280868112704496
3.7800000000000002,15.844501728194786,11.46619927440365,45.24455313447887
3.8000000000000003,14.917160400308656,12.945795923036593,45.168934233693584
3.8200000000000003,14.446641289695652,13.86625614910591,44.65785029646423
3.84,13.837056412688137,14.95805480275441,44.84098726112916
3.86,12.826294309726238,15.83132391473149,45.00038033894351
3.88,10.97838621598596,16.68239513709678,45.00512199576179
3.9,9.238171006983677,17.2643281285125,44.54777567961919
3.92,8.643582249976559,18.247868185568546,44.82712332610436
3.94,7.472273412458346,18.39045504807534,44.36256124148864
3.96,6.6154644706723404,19.059524280263215,44.870757228878915
3.98,5.072111440308204,19.250075552325438,45.19188343557269
4,3.484561582054655,19.80879828449758,45.15320961608201
4.0200000000000005,1.7707149834395222,20.058145109873774,45.09944980681584
4.04,0.8817625025515436,20.38370863623226,44.997016195077094
4.0600000000000005,-0.718419394270511,19.687755762060355,45.16861311204254
4.08,-1.8960155966179393,19.657392100131975,45.055835535880284
4.1,-3.450840929791047,19.444358780097026,44.96771449664152
4.12,-5.235174254767746,19.014758118942716,44.47782568480105
4.14,-6.046191434402591,18.816363125373158,44.98358912727045
4.16,-7.847977722577195,18.354071135734586,45.24365872429275
4.18,-9.093977005288895,18.377554382198007,44.48771288977393
4.2,-9.966942317187401,17.04368397656552,45.43652730137431
4.22,-11.078074281509972,17.092255860274125,45.074953400968326
4.24,-12.490376251450135,16.070511914455018,44.99421305443051
4.26,-13.848534473786756,15.341242221195776,44.86468155711263
4.28,-14.596759523645757,13.797594704504206,44.92334151941299
4.3,-15.33884408352792,13.295034022596836,45.09329500174034
4.32,-16.786107036511826,11.701356054129494,44.70658346740411
4.34,-17.564316342972578,10.519085519715558,44.957853094748984
4.36,-18.01761728661313,9.342933563669702,44.99746319720932
4.38,-18.69564837221494,8.558063930722225,44.87616510449114
4.4,-18.680109599824792,6.554219654522589,44.9029596373094
4.42,-18.21413861397825,5.358791315523527,45.16170209258317
4.44,-19.668918863042684,4.527851652864489,44.86869605076016
4.46,-20.01595623496788,2.8514598564009166,44.62712753059712
4.48,-20.06081294386531,1.1055201321538357,44.84129817755548
4.5,-19.86843263196024,0.09512632316199292,45.15944691675894
4.5200000000000005,-20.630787239839744,-1.338135464814692,44.6065076430077
4.54,-19.821900907888033,-2.585849805862995,45.16821985943484
4.5600000000000005,-19.668578046856855,-3.93938809385551,45.167960705077434
4.58,-19.384938933293615,-5.331425298124718,44.63924419630262
4.6000000000000005,-18.87792586707056,-6.620875326252523,44.67864205157602
4.62,-18.20608301212643,-8.127200605291923,44.90110934876454
4.64,-17.84388366225345,-9.980613691998064,44.65854262335012
4.66,-17.166660630093325,-10.909909348940051,44.63677066422082
4.68,-16.38156888212622,-11.784777348327621,45.06810848067674
4.7,-15.294642439448262,-12.463836164569924,44.97541104174779
4.72,-14.797176283500054,-13.625809380842368,45.24388415241065
4.74,-13.120683962903913,-15.127476510328647,44.71097310258379
4.76,-11.941318339594318,-15.59877627125976,44.4432549371797
4.78,-11.847888869513065,-16.222861880560306,44.68488285740461
4.8,-10.257873945993227,-17.537294253360454,44.83205546308061
4.82,-8.15555763198285,-18.352419645988984,45.47415233849723
4.84,-7.585614200746687,-18.66215761799099,45.16614595803258
4.86,-6.179283259634494,-19.146836081066034,44.799223257092194
4.88,-4.856055054290716,-19.18986625232556,45.02159528793783
4.9,-3.783547011516628,-19.247729437779988,45.16527320100336
4.92,-1.8533910500621231,-19.94607153951989,45.09197881122417
4.94,-0.8673281831372767,-19.9614991621762,44.29582789154808
4.96,0.41121138896557785,-20.102801458970877,44.967075446964344
4.98,2.0271465493773118,-19.80650463696584,45.10762364668581
5,3.486783699162351,-20.394337677292288,45.188913923047586
5.0200000000000005,4.840347894329097,-19.52238066271684,45.067390673760144
5.04,6.196762424122709,-19.05391755723927,45.121148363921336
5.0600000000000005,7.908937774652896,-18.80590173919142,44.70979244616795
5.08,9.461666245809203,-18.109848282225162,45.530789606884724
5.1000000000000005,10.285575495059074,-17.595302151942395,45.54073408414937
5.12,11.696994920060352,-16.492535759685854,44.802961352912554
5.14,12.71621079523173,-15.549320704690077,44.959173204457805
5.16,13.161364288561229,-14.499899885491212,45.07550334444786
5.18,14.898949019270619,-13.975609590189247,45.35375052775282
5.2,15.455249953686405,-12.844278387392912,45.37496607108175
5.22,16.46908948807121,-11.37146248665374,45.582635650784894
5.24,17.192756042352542,-10.695261870707471,45.01106755945745
5.26,17.761116252285895,-9.586810187578942,44.561777254920294
5.28,18.284445687924116,-8.546374039841641,45.33112739325445
5.3,18.783612602840034,-7.183165240549455,45.124359032262355
5.32,19.43341013508806,-5.76666973398969,45.07334445722097
5.34,19.271160976271634,-4.503636113673961,44.86005878286139
5.36,19.819497933524243,-2.709065405438537,45.05899707286413
5.38,19.89489839442982,-1.2490871878556589,45.055997828326674
5.4,20.153671455610223,0.35783575862862654,44.97287346400104
5.42,19.983287171803912,1.8073023366442011,45.18052686398999
5.44,19.99855464421094,2.640604207854946,45.11664793344661
5.46,20.340781042444448,4.493429693195085,44.99384178267635
5.48,19.494606012934334,5.484236327776332,45.17872690477582
5.5,18.79691051868894,6.836555094033074,45.057453260402866
5.5200000000000005,17.85090810613452,8.202565681721175,45.75987083675977
5.54,17.67504878307948,9.321640818413949,45.73208565793587
5.5600000000000005,16.838959038619045,10.81812597101923,44.978831882978604
5.58,16.07247267586877,11.634652106529458,44.94234724613253
5.6000000000000005,15.415469478892115,12.891086768036843,45.487154427036046
5.62,14.191370233623259,13.905067241916491,44.43175692823045
5.64,13.413205187133487,14.825045218547697,44.99933408397453
5.66,12.036719808331771,15.237703799416048,44.880728067388816
5.68,11.42172633117828,16.441728821097048,44.954756387088835
5.7,9.817625118785333,17.59358573461519,45.14178757892068
5.72,8.766998750471073,17.97076756408856,44.88632365313271
5.74,7.356357191384545,19.007569721445975,44.82066496090422
5.76,6.3865866209370665,19.163478722124104,44.349237493111396
5.78,5.1276066254085455,18.986392320092595,45.04969949874817
5.8,3.788141876455737,19.741081672940346,44.460705781666476
5.82,2.2155904983485866,19.98049570207632,45.00161184257728
5.84,0.6817702530595403,19.718884751450148,44.8527221815361
5.86,-1.003328435875983,20.137434978346363,44.86922450220247
5.88,-2.162328562168503,19.957589764771434,44.614173882869885
5.9,-3.68302018198733,19.640088262356933,45.02706348547279
5.92,-4.519308740696016,19.12788801301751,45.40781816689207
5.94,-6.292544070774092,18.659668186519774,44.95342529155559
5.96,-7.383970744034831,18.956633833616547,44.598604327079556
5.98,-8.339259216175744,17.49334088848059,44.500340573380925
6,-10.07347148874883,17.292843703071544,44.898320421824145
6.0200000000000005,-11.658156435198652,16.59943302624829,44.27449292651981
6.04,-12.360433675458578,16.34858042526719,44.61269819421446
6.0600000000000005,-12.975467829061822,14.978655733737849,44.529359292270364
6.08,-14.961676576948964,13.324605230632956,45.27016474542571
6.1000000000000005,-15.013554442295138,13.03182980229307,44.79705510753047
6.12,-16.45844356105223,11.872826190221232,44.581876779838886
6.140000000000001,-16.806564450593168,10.685276495616572,44.33771419342226
6.16,-18.06178509727474,9.525723353676483,45.33148447616424
6.18,-17.98581881036508,8.25323433533864,45.419545716158446
6.2,-18.99831249295507,7.308530261125266,45.480715016118914
6.22,-18.993487397159804,5.438605542188682,44.76367542967464
6.24,-19.22197419404211,4.104742893824634,45.3334700642511
6.26,-19.874346372721025,2.4278243049947044,45.039153065663854
6.28,-20.326169012422973,1.2926813256603218,44.78075950737095
6.3,-19.48878650924914,-0.007990729504114487,44.86033049246971
6.32,-20.60682195487372,-1.27872957457686,45.60857035230357
6.34,-19.79598464407537,-2.955307492730683,44.61071767128527
6.36,-19.14061823957854,-4.170456369514088,45.14933410139932
6.38,-19.317614076750125,-5.921087109951761,44.873110302143445
6.4,-18.34736977380841,-6.907745996192796,44.90577960292584
6.42,-18.275433998088943,-8.86127114533358,45.270541905046876
6.44,-18.008086772421464,-9.949372275470687,44.876672301818246
6.46,-16.322760688960017,-10.466229073022435,45.17462078824587
6.48,-16.152066276164703,-11.87914825218214,45.20054837102685
6.5,-15.916302933135968,-12.85349698069824,45.254189342330484
6.5200000000000005,-14.563272312649838,-13.53239748693963,44.8015822026411
6.54,-13.694340241332618,-14.773081127225817,45.702342157024795
6.5600000000000005,-12.18919094763238,-15.649042008314746,44.98983148265803
6.58,-10.868078646926,-16.905669087269935,44.80304814472345
6.6000000000000005,-9.99745559018797,-17.14675335064004,45.19137362857991
6.62,-8.11519390570341,-17.959278357031256,44.55155630596703
6.640000000000001,-7.028609805028342,-18.872212730145918,45.194952108692846
6.66,-6.016983465138524,-19.12222541850676,45.732912491742326
6.68,-4.856857459760214,-18.823031114453734,44.79665094438885
6.7,-3.543717321021939,-19.126404628089198,45.15277225090926
6.72,-2.836512867204353,-19.436771437630174,45.169211832702786
6.74,-0.7258450231914237,-19.97555217913236,44.913617259637206
6.76,1.220368638681074,-20.466644446936247,45.423398203146334
6.78,2.466226419504667,-20.039731977836755,45.22998579542398
6.8,3.72225610321137,-20.21336717795645,44.65082516374146
6.82,5.126487746513341,-19.66604803404626,45.00355426680099
6.84,5.961016983160053,-18.92355362927398,44.61730970281732
6.86,7.505478016405679,-18.410663147212883,45.05845628474074
6.88,9.165314461212724,-17.721075162510576,44.90049731559381
6.9,9.951220252155316,-16.73271639437172,44.913632207666275
6.92,11.086102989439176,-17.224264363262485,45.11670313487884
6.94,12.394664165067674,-15.401047664522492,44.86787609898816
6.96,13.18907747681505,-14.806191851035974,45.05424590956289
6.98,14.606056871915309,-14.284728695238703,44.540083811985966
7,15.280141942304342,-12.623419467099016,45.20453246929727
7.0200000000000005,16.030326533286072,-11.858128824960048,45.09333466391782
7.04,16.59682910135391,-10.702563236502252,46.02813596604293
7.0600000000000005,17.66294013651198,-9.042133460613165,45.39965352155086
7.08,18.58242898665536,-7.869436115410216,44.84345567935785
7.1000000000000005,18.497994085486834,-6.978895906071267,45.23254603313818
7.12,19.52670692109892,-5.677970296635442,45.137723047280495
7.140000000000001,19.984318879994195,-4.21892190427208,44.755469474908956
7.16,20.109348478487327,-2.6919586604655237,45.639719536432956
7.18,20.700020037534728,-1.0998717209527342,44.95361627392939
7.2,20.036824748804687,0.46373070306738284,44.89412700877536
7.22,19.73980164122983,1.3857072182370336,45.657122016858196
7.24,20.080786923430413,2.5882332232317635,45.003037134901795
7.26,19.16637273768888,4.225004556348384,44.57141192043947
7.28,18.890395497343075,5.174896479748642,44.77769817984404
7.3,18.392889098842335,7.220544069721112,44.87620738346157
7.32,18.109211131659414,7.936327432802263,45.06042704816333
7.34,17.813898867780207,9.503329720887868,45.35475762099355
7.36,16.898176399655316,10.628771222921978,44.98871323623233
7.38,15.917493577279227,11.832992031344277,44.998941485303106
7.4,15.54021760773707,13.217962049055188,44.616905972907595
7.42,14.156061688087688,13.711344979778524,45.13871708249905
7.44,13.612744441931993,15.415837224302336,44.71591283618452
7.46,12.018684073444723,15.641405669956631,45.106604083127095
7.48,11.467274707261367,16.800560810783807,44.86161233488107
7.5,10.16454813000498,17.50609931381376,44.92814946424112
7.5200000000000005,8.61138820746313,17.90630898893073,45.523647263353375
7.54,7.659433622406204,18.372125406753153,45.1668169362948
7.5600000000000005,5.588516782482106,18.840299944352,45.49356584869011
7.58,4.837914554189096,20.110535362659114,45.37878960483047
7.6000000000000005,3.390278115329758,19.71211535556396,44.968815231616226
7.62,1.7601571636761117,20.31897138156193,44.95625717048721
7.640000000000001,0.3424713517264948,20.3996657321747,45.201332388105705
7.66,-0.5964846531100712,20.231036143281386,45.091873076792325
7.68,-2.305486307222084,19.967638843186595,44.48604414062278
7.7,-3.6453349358608778,19.463922557393733,44.620854258916204
7.72,-4.841875077082244,19.325190906479705,44.905845777665995
7.74,-6.137965031153873,18.598954738191463,45.38701869060488
7.76,-7.347725829441053,18.906708671273716,45.08855300187494
7.78,-8.557013913511303,18.21757681794636,44.62531743802874
7.8,-10.60108323473682,16.92193876116131,44.69920484689851
7.82,-11.233384199199628,16.715816254145455,45.70142971258069
7.84,-12.81359930473328,15.889808581506294,44.93937038276907
7.86,-13.113613873629541,14.832393941713278,44.55056457797212
7.88,-14.596411806459498,14.213676403242019,44.68397974389114
7.9,-15.129615686838212,12.494931871710554,44.7358455988799
7.92,-15.904706709251336,11.945355928131386,44.9536279956022
7.94,-17.0797482969725,10.39711532753113,45.106482839279415
7.96,-17.521856797318506,9.509471027806683,44.76889789536019
7.98,-18.521097912973325,8.179674761021197,44.88156826558324
8,-18.405484555137754,6.335530232156987,45.37880432149979
8.02,-19.299003667485252,4.840746902296053,45.188734371159434
8.040000000000001,-19.557220660357558,4.172439982068423,44.71062262508155
8.06,-20.070162646696367,2.4087597601666526,45.008843331529754
8.08,-19.887918349814466,1.7386672377537764,45.176650849344036
8.1,-20.099120888430452,-0.09879003806887314,44.93459709174133
8.120000000000001,-20.063376936828753,-1.6031899891636892,45.1067152782948
8.14,-19.801645752308257,-2.058216019885276,44.905662308840334
8.16,-19.66173147167824,-3.9664294809524545,45.566254334100414
8.18,-19.358348997805912,-5.950493950825847,44.896235548625455
8.2,-18.845521344791283,-6.731908276685224,44.946099751089925
8.22,-18.077670159873442,-8.10429245763161,45.23957561263864
8.24,-17.497535018213895,-9.374868405319042,45.2272335711591
8.26,-17.209672415491152,-10.518387009904094,44.42747183613478
8.28,-15.581258680215463,-12.20769567248936,44.99194446998783
8.3,-15.335020671564251,-12.825727263840596,45.92861896209184
8.32,-14.541975550701977,-13.808807051668683,45.265804149070235
8.34,-13.118815852798798,-14.663329120906178,45.354232197813744
8.36,-12.576588857118896,-15.554603688079698,44.85201173821273
8.38,-11.150227192652531,-16.849843708380266,44.963817237680175
8.4,-9.945327061179192,-17.393806548780574,44.61911509131852
8.42,-9.198034184701097,-17.95381969699813,45.09285320586459
8.44,-7.362038330580449,-18.42289634125742,45.31918296578527
8.46,-6.159799159241495,-18.945561404598095,44.934141882819496
8.48,-5.126552639290658,-19.70516033311433,45.00814347506214
8.5,-3.199411805873135,-19.942850110638723,45.0636945173649
8.52,-1.800876665856243,-19.990622077360893,44.819109194858676
8.540000000000001,-1.158616758178119,-20.004199098810293,44.88412540594532
8.56,0.35834134388898564,-20.255408686066897,44.99967474999792
8.58,2.154985086444836,-19.985033086020987,44.55745601261968
8.6,3.2865197549901755,-19.710485569614107,45.38966926098875
8.620000000000001,4.509726861536861,-18.82386410610337,45.07975768698087
8.64,5.779217915877087,-19.38581360946557,45.038593494405575
8.66,7.378262377012497,-18.263351242788577,45.13905789117
8.68,9.030913056249211,-17.48158798927643,45.21468942114293
8.700000000000001,10.42378342985734,-17.310326331527513,45.035090137438175
8.72,10.900046709257923,-17.02619000159796,45.01254602242508
8.74,12.045934547758193,-16.05724759140439,45.15457325835085
8.76,13.230154424451223,-14.93808091736494,44.7444141915759
8.78,14.841836108097795,-14.106842885797338,44.72376788226973
8.8,15.196325310489932,-12.61191250070832,44.873289345621934
8.82,16.473761051622667,-11.685534886839331,44.826602022014534
8.84,16.842204192383576,-10.69592778387602,44.59493791590482
8.86,17.62319628501036,-9.303373875336945,44.716798177927764
8.88,17.76491351452846,-7.93437606392381,44.80526330711955
8.9,19.06514487695555,-6.886454643710668,45.18736024133794
8.92,18.63439819691135,-5.2498648394226475,45.17547855117946
8.94,19.80594041935225,-4.196409602525806,44.921034877992525
8.96,19.387175783308752,-2.4761707309632777,45.02950396757087
8.98,20.104790002950093,-1.25538634428055,44.9775006396657
9,19.7295192825354,0.05230248397945605,45.22779992225339
9.02,20.402664466537683,1.3202349001148435,45.06293673871564
9.040000000000001,19.85373958318358,3.147327084035347,44.733533307150076
9.06,19.59290747358229,4.352584705900166,44.99904060467831
9.08,18.88932482094331,5.124474905832872,45.419646245549266
9.1,19.26422032725566,6.70502356741193,44.78074800121177
9.120000000000001,18.495875217846546,7.903268324462618,45.010371823321535
9.14,17.83931047501896,9.458283611624697,44.511285795373034
9.16,16.602414503492767,10.516713516776623,45.54449715019997
9.18,16.14795414530323,11.879264946604158,45.49167200185367
9.200000000000001,15.045866660566467,12.624403500793022,44.97117342526711
9.22,14.083419114048318,14.359172478546471,44.8841927770858
9.24,13.248222048123798,15.021128722512538,45.5547252387641
9.26,12.279258408794455,15.549707836666878,45.46658920764056
9.28,11.34489392074896,16.50213591430225,44.770265713294826
9.3,10.287983899689536,17.352523283901352,44.12725146169577
9.32,8.848286388714062,17.98009104243278,44.84316765273886
9.34,7.2398881619351885,18.38311524213633,45.02692166131724
9.36,5.7561013427148415,18.993172157088722,45.01116306641933
9.38,5.3626859269374245,19.380251479363857,45.25996348075827
9.4,3.235300997947328,19.706154492138616,45.18502804377801
9.42,2.4808307301869146,19.67573672282526,45.08977004975627
9.44,0.46270659557795657,19.882439915537617,45.492822617643455
9.46,-0.5614406634438243,20.251971190352524,45.24259368354565
9.48,-1.7033967068415299,19.631517665425374,45.32071557687539
9.5,-3.5857767930795115,20.00146267316159,45.1912723987315
9.52,-5.079303413230397,19.182339113449633,44.77571535329726
9.540000000000001,-6.1692740440058875,18.97309148684097,44.46262847377154
9.56,-6.976145773617628,18.42472876427492,44.481558618272814
9.58,-9.022761302975557,18.023970437543724,45.22795000296291
9.6,-9.708797581109756,17.139595795766194,44.55557464381166
9.620000000000001,-11.097389790890862,16.013778361130548,44.86087121030194
9.64,-12.031886116066726,15.752883987128541,45.12373372057751
9.66,-12.994496041760454,15.043848240911116,44.72250792350384
9.68,-14.002074231178755,14.553424207664866,45.219593784234675
9.700000000000001,-15.679737868616224,12.824774782928516,44.83668246026779
9.72,-15.986380705044088,11.983964444902314,45.06039506553184
9.74,-17.26727324451341,10.80008342821917,45.025558950502685
9.76,-17.46888794537319,9.480373138708448,44.741207918836956
9.78,-19.02612768593494,8.361555376175044,45.18728292125401
9.8,-18.81754816831414,6.7592431220969065,44.96492163618395
9.82,-19.569366125561125,5.193881797269752,44.79523070581159
9.84,-19.696597730358285,4.7734126739271625,44.874584902791845
9.86,-19.53270930244069,2.92062035205898,44.61319674066854
9.88,-19.90206110886911,1.7318540987828306,44.948620618951885
9.9,-19.847298848472036,-0.07738270061425458,44.892888902899976
9.92,-19.594860835870264,-1.3813303907998153,44.88119885923941
9.94,-19.877327413180375,-2.8453234588608987,45.0923535986247
9.96,-19.12640536218569,-3.4397440075288426,45.486509793590365
9.98,-19.610589199322753,-5.4793186656333654,45.392166729134594
10,-19.492989020198372,-6.695566062048449,44.68050143852858
10.02,-18.309374613422218,-8.312650289671703,44.80255658657937
10.040000000000001,-17.335057797637575,-9.94611777352392,45.49562120805312
10.06,-17.09935808346198,-10.158196429183693,44.81004372672153
10.08,-15.775164486175855,-11.49991708682221,45.542277644679906
10.1,-15.13238884278806,-12.931875765057923,44.80034090236727
10.120000000000001,-14.29392967710716,-13.733174347674561,45.14826028294437
10.14,-13.097299532646128,-15.17262252900495,44.781414305049964
10.16,-12.264648202538442,-15.630867405399961,44.9623031082828
10.18,-10.969014963715106,-16.57675609444034,44.849182986575485
10.200000000000001,-9.992693191240601,-17.175798176508042,44.94823710726989
10.22,-8.489638628946635,-17.85144349521105,44.335675122722215
10.24,-7.7456854167466895,-17.98873401648792,44.95299250891662
10.26,-6.502383017857398,-19.08276809154646,44.61867904876794
10.28,-4.49758596329463,-19.088979700572704,44.872495205924565
10.3,-3.4775134999631985,-19.20469402793746,45.26351173206079
10.32,-2.3864462534793347,-20.232853007062925,44.94549430265748
10.34,-0.1979788879433232,-19.78112351278151,45.07107618265929
10.36,0.5556896993047863,-19.77179990100735,45.07182744750807
10.38,1.782285517689814,-19.866872345664444,44.570916961960194
10.4,3.063584268578243,-20.056011382699694,45.03364816808035
10.42,5.060051298061165,-19.31416186205855,45.21815567037768
10.44,6.013253162486708,-19.094592200595905,45.67245487453291
10.46,7.171757636413833,-18.472519644748555,45.31202516419035
10.48,8.570299853679924,-17.575307913483613,44.831857378712535
10.5,9.660518642910198,-17.37995488394807,44.77475924435545
10.52,10.966933731511514,-16.36932053142845,44.868486537986335
10.540000000000001,11.879285626634106,-15.494795817222471,44.97668192116022
10.56,13.133532850558147,-15.052263449317705,45.10674846627224
10.58,13.850243065200614,-14.251627999946454,45.59124834739558
10.6,14.98226855793801,-12.613460867469888,45.317589688914204
10.620000000000001,16.13624052499544,-11.91018881267191,44.77825462111573
10.64,16.475770199573365,-10.520700092887042,45.241242038751984
10.66,17.738689807719506,-9.089371224077336,45.188856862257936
10.68,17.519168878941596,-8.370366223626304,45.22041935803979
10.700000000000001,18.092210910699812,-6.711610220979554,44.989216291454646
10.72,19.147980037596923,-5.140551834315409,45.46137807851898
10.74,19.898855945595272,-3.7515704558913385,45.278286767357486
10.76,20.388649108142097,-2.883123204844814,45.146365860731166
10.78,19.59029666557263,-1.3774420482720915,44.80846956188022
10.8,19.65200829079345,0.6344984395460725,45.37583912018482
10.82,19.77795542457018,1.3335625229337114,45.490319469873164
10.84,19.917800629056877,2.6601548678282967,44.99504426069273
10.86,19.984078861660976,3.5487007106541935,45.20030039454024
10.88,18.832913428587577,5.320172994624246,45.22082972442596
10.9,18.850333257624445,7.03213376589594,45.13768101303448
10.92,18.952742913783293,8.221729241432966,45.42930321079454
10.94,17.100191122522798,9.673446548155477,45.00653295639271
10.96,17.366475781219705,10.506204573830509,45.647168349959635
10.98,16.543985273148472,12.089842076556865,44.94912446455473
11,15.475937651177043,12.878342086071575,44.54584438685829
11.02,13.908993196695945,14.240533562929127,45.3124070874181
11.040000000000001,13.420338946935136,15.110127964415982,45.396349540858715
11.06,12.605533729230352,15.487761200069315,44.774272474415675
11.08,10.962551782697593,16.605089560581654,44.6173342699637
11.1,10.142603142037292,17.264640267235848,45.18163684667502
11.120000000000001,8.751554235297272,18.18523550158624,44.779295397991284
11.14,7.70098691057903,18.27801082435715,45.17562785811362
11.16,6.009222342907374,19.300853106271216,45.02660482170823
11.18,4.909891893270558,19.179021644707937,44.87850457013765
11.200000000000001,3.2395191223070774,20.052866747463035,44.744291854173674
11.22,2.693359973794069,19.784381512429782,45.54654138904626
11.24,0.9032864084414503,20.155763331753644,44.94198576564585
11.26,-1.0413543010679072,20.4249343638739,45.30568533403733
11.28,-2.135960087616597,19.998642891852356,44.58939216542726
11.3,-3.6905218069622654,19.20526384975746,44.97713757407847
11.32,-4.522238845250097,19.252372397482393,44.590011318610244
11.34,-6.143795087228659,18.48238844919621,45.459448153252026
11.36,-7.396141269631315,18.94762321848567,44.852696844549115
11.38,-8.58417895735947,18.585834246264067,44.937738394033964
11.4,-9.782651070402665,17.125160332093373,44.76472562634442
11.42,-11.276132479029693,16.761720649779473,45.17198647469589
11.44,-12.751294264891008,15.881702643627289,44.95496335909115
11.46,-13.494543126237774,15.221203309244586,44.78874340232084
11.48,-14.387529030983897,13.560198740061125,44.89980379599631
11.5,-15.721964555271596,12.89122468340668,45.03518202321438
11.52,-16.331240224962983,11.572459471524146,45.27653700656125
11.540000000000001,-16.95231853840796,10.641664759590439,44.77050247094888
11.56,-17.640684979209244,9.433348263912114,44.37129992399382
11.58,-17.983492947492557,8.594631705186544,45.821879260590705
11.6,-18.82484414263291,7.208703946360527,44.177223580328864
11.620000000000001,-19.219677645329238,5.745564173070771,44.85259591209876
11.64,-19.562226609687116,4.009046586315271,44.6492636046985
11.66,-19.669386759851207,3.5513011279113824,45.046322443734425
11.68,-20.062237066760535,0.9906666991117834,45.300027866596906
11.700000000000001,-20.009077382404218,-0.15819641409883403,44.90362705743307
11.72,-20.282246476956686,-1.910570238023062,44.47110018006827
11.74,-19.993428070150365,-2.8985860706081805,45.05641064876601
11.76,-19.30974432640655,-3.982798623698699,45.23685927853859
11.78,-19.16419574861784,-5.579217801064962,44.85694095683403
11.8,-19.232667147554363,-6.964022970507093,44.895935529101145
11.82,-18.43741611388548,-8.463827809313804,45.151731750865196
11.84,-17.33380560889228,-9.472772314469642,44.70445333581169
11.86,-16.556329320502623,-10.960469255737372,44.60893254621294
11.88,-15.96889319483527,-11.748015875445612,45.161812650642545
11.9,-15.325865221401642,-13.391537050101224,45.202672044867974
11.92,-14.222578270684613,-14.210871301476795,45.011798069389194
11.94,-12.910484240245525,-15.312041958109985,44.959250574153906
11.96,-12.450269035361389,-15.440497817992973,44.975942313971196
11.98,-11.534762014519805,-16.17011028310109,45.02991566005492
12,-9.908827094054605,-17.39657749780939,44.767131208138544
12.02,-8.801243542653504,-17.842357339716447,44.97305302470772
12.040000000000001,-7.314197346754475,-18.73533047890276,45.48356534880112
12.06,-6.3283907350353426,-18.7060401051359,45.14422047447674
12.08,-4.348800566161553,-19.04305235713795,44.88205119288673
12.1,-3.2220586824989437,-20.16531952473348,45.30005013988693
12.120000000000001,-2.2077131587405834,-20.18933070056668,45.205937340135556
12.14,-0.6890091690124378,-20.055792815174115,45.516460755645284
12.16,1.1517563031173956,-20.351993276480478,44.73299216707312
12.18,2.388785777505069,-20.311886857548995,44.71569279806962
12.200000000000001,3.90214194931332,-19.35882388938314,45.11363259313148
12.22,5.098776065873309,-19.02645888016373,44.901318832438356
12.24,6.145620220355757,-19.10037675815447,45.23939603397133
12.26,8.030587488458016,-18.743135126745095,44.82043358788296
12.280000000000001,9.208152471595184,-18.25970242897211,44.706496563234495
12.3,9.231487459520899,-16.85809632301038,44.549462907162194
12.32,10.89116648841934,-15.93349891218246,45.63209876142159
12.34,12.15816798985005,-15.91687094378229,45.11260082227439
12.36,13.354112271279172,-14.421407409303969,44.45890072249831
12.38,14.434484807710453,-13.425664103406653,44.88323249347018
12.4,15.396077113506095,-12.865588607361877,45.02972137506747
12.42,15.988127577325647,-11.664252071952431,45.15578660656703
12.44,17.061456659709002,-10.594412285523656,44.93091601945506
12.46,17.549617716067907,-10.029785787098573,44.696333594577226
12.48,18.659612290971015,-8.540227648566043,44.43193948553192
12.5,18.482951721105387,-7.07712779743509,44.870975814442694
12.52,19.531052183823135,-5.414412148602309,44.73417587661203
12.540000000000001,19.477842862976253,-3.8598613003947,45.13164423736273
12.56,20.03244633376827,-2.667707899360079,45.398953657013266
12.58,19.94278864296927,-1.920227520478385,45.24232386084309
12.6,20.29211358772422,-0.055955856990997664,45.104593578982616
12.620000000000001,19.753998351669168,1.0709880442311872,45.24818959404343
12.64,19.931891888042184,2.8700403204501845,45.3156502646166
12.66,19.507419497640964,3.64364113908811,45.16743289954268
12.68,18.895857999105818,4.889251647192438,45.15909309605932
12.700000000000001,18.40370629280894,6.488672767741764,45.32219022502359
12.72,18.313534318888916,7.946967506196218,44.982505577238044
12.74,17.840421258156923,9.63760247317814,44.85553588606169
12.76,16.991338105414886,10.870620293254394,45.292394921493155
12.780000000000001,16.43929734618327,11.473683492275372,44.52591397491923
12.8,15.534144375637432,12.719109425905387,45.41322691372352
12.82,14.20794272403174,13.902160078409674,44.6165258503832
12.84,12.984096837150384,15.062070621139283,44.59976306879419
12.86,12.058532408499413,15.952867044740021,45.59386616406422
12.88,11.407491042153193,16.32437776597023,44.86916271001843
12.9,10.282202079271961,17.313970920651936,44.82866171102271
12.92,8.817143548611046,17.857153605971753,44.7308692281997
12.94,7.399347310600442,18.65919602682754,45.15059830816282
12.96,6.226139847181382,18.939942764696937,44.612496131500144
12.98,5.5274852779046935,19.393382455181797,44.89145751916788
13,3.4399069703552687,19.841153043569832,45.564491248644444
13.02,2.5001320036926504,19.883655988295793,44.974337105512184
13.040000000000001,0.762751631402152,19.990411378381594,44.560617702565764
13.06,-0.33137378734044326,20.201289517694427,45.07163974046985
13.08,-1.729119827891627,19.84828578240804,45.44830801256606
13.1,-3.520973265525111,19.5645328914578,45.33431778753305
13.120000000000001,-5.381030166640751,19.159561825866614,45.237606739190866
13.14,-5.91635126703058,18.814734387094436,45.1862862263714
13.16,-7.614295195396685,18.348880493250057,45.42246963978827
13.18,-9.077600599748862,17.708111229018183,45.15306850214804
13.200000000000001,-9.40791839707919,17.200950397631836,44.96893940354084
13.22,-11.52925673314035,16.36419482835549,44.85525367925727
13.24,-12.259094396744532,15.762542907609696,45.102049740756115
13.26,-13.31222819827316,15.367591554609776,45.6932245058869
13.280000000000001,-13.818553418785585,14.278924780715098,45.41072569086604
13.3,-15.168967169128571,12.68182889330611,44.75998604530956
13.32,-15.932239355904253,11.400727518710374,44.68836626618464
13.34,-16.586362817553358,10.792969261834843,44.76429498261363
13.36,-17.276086997493916,9.249096122003744,45.259214363041366
13.38,-18.158308957039345,8.707393886006741,45.05509745903439
13.4,-19.168570267800465,6.954780359855912,44.95844956062284
13.42,-19.354622819417035,5.841717196855904,45.50051246171841
13.44,-19.49890620215871,4.381340039912554,45.11741231588724
13.46,-19.287273905344797,3.203818106255106,45.185371744104
13.48,-19.91635435751347,1.7536310344355681,44.6592986089897
13.5,-19.80609163947985,-0.33375212717032404,45.41005033505752
13.52,-20.521351829753694,-0.7818641163566316,44.83478475659839
13.540000000000001,-19.992860195646447,-2.6019332701915387,44.70326470969752
13.56,-19.185486321558354,-3.828185108347955,44.743063125580186
13.58,-19.506839564092658,-5.373707869292572,44.864540360765126
13.6,-18.402922708943315,-6.788216868497898,45.20872415659813
13.620000000000001,-18.17913977350212,-8.210263623004906,44.886401964310224
13.64,-17.351978600722433,-9.234741530257304,45.062120172410054
13.66,-16.52576173722076,-9.872725723894199,44.68078419511312
13.68,-16.740762799671188,-11.565425864908313,45.409742852949634
13.700000000000001,-14.626208180854478,-13.127753066595268,45.10279666640272
13.72,-14.722155102375112,-13.78804805142856,44.917130766562224
13.74,-13.222200963274071,-14.446660767248549,44.82260790103115
13.76,-12.512516111637472,-15.872737734624579,45.032032293925376
13.780000000000001,-11.484001953534825,-16.922247389060793,44.907669116995955
13.8,-9.898309001242524,-17.135527626887146,44.77351902154786
13.82,-9.029736860828889,-18.159229111049296,44.94188466888799
13.84,-7.745867484059165,-18.51419040578258,44.86869138082599
13.86,-6.026586608626361,-18.736730554049597,44.52070204035347
13.88,-5.240608407155809,-19.073733509419334,45.092748183617076
13.9,-3.344661052858441,-19.653245592306323,44.52523502677024
13.92,-2.1078688887826154,-19.97187709134067,44.86176085509999
13.94,-0.5544064572177185,-20.67711315513516,45.02073681156309
13.96,0.9789632575119629,-19.89854757249822,44.63361727365556
13.98,1.82218945787998,-19.980380400875337,45.32429171987704
14,3.543495633221919,-19.978201817643804,44.993992657262744
14.02,4.523296808641822,-19.21988407255445,44.70457948846988
14.040000000000001,5.948889045648246,-19.084652139086,44.98748991308843
14.06,7.2213344820367915,-18.34230309255077,45.154330183373936
14.08,9.02940201450443,-18.011522873668053,45.041256648478374
14.1,9.99992433862563,-16.851121289685764,44.62612444530556
14.120000000000001,10.950334536995157,-17.036209293649385,44.868925899846055
14.14,12.392834373925849,-16.067086598215756,45.327324016677984
14.16,13.220675892114357,-15.041088082845821,44.92104508606662
14.18,14.53890766906613,-13.99090130393952,45.38002216075855
14.200000000000001,15.200051352113416,-12.984958904537738,45.498108196108845
14.22,15.715069376754753,-11.873957529526384,44.93237250651858
14.24,17.43789800775137,-10.452571690303987,45.487320716904385
14.26,17.698038494464864,-9.477346438277356,45.04063486387534
14.280000000000001,17.97868443680453,-7.7838036180108645,44.673763667707036
14.3,19.02752404056486,-6.459092110342415,44.94458167269371
14.32,18.945474144641288,-5.723259875965519,45.385851829564665
14.34,19.94100086323502,-4.279524522900181,45.48187051569975
14.36,20.087695818495284,-2.6175746313076895,44.31828450378232
14.38,20.18341542131886,-1.5165375904461709,44.52402213932031
14.4,20.092925160603492,-0.5706452123783108,44.8321387700168
14.42,19.70692662598982,1.8933730296560025,45.14573790131819
14.44,20.133569268917846,2.4461047105525413,44.47327642666412
14.46,19.474962244600224,3.845270757858703,44.981945382615265
14.48,18.920257462504264,5.64679871024542,45.4528206244485
14.5,19.44303305288611,7.279696252911913,45.01245648246761
14.52,18.197920053685063,8.528107062617943,44.832772381036385
14.540000000000001,17.456818783752087,9.613191431198178,45.138548413979294
14.56,16.735146065789532,10.649263523704734,44.500966728809225
14.58,16.44259870360439,11.841702187494777,44.9949568062598
14.6,15.239676850202503,13.104568836818732,44.685473124441025
14.620000000000001,14.251743891315265,13.984795231729812,44.69492841501696
14.64,12.931199911979059,15.06911005464517,44.9965124241806
14.66,11.999550015324578,15.863662573371311,45.182653233415266
14.68,11.28886620946337,16.765592503143132,45.02027527268333
14.700000000000001,10.474837010523594,17.599257354610806,44.70588646179517
14.72,8.515682974364239,17.667815751714194,44.813591387999494
14.74,7.962357169528878,18.361938068220546,44.82164558301141
14.76,6.2199092630609165,19.151193954778073,44.64543065497584
14.780000000000001,4.444389610909916,19.084106514533484,45.4907568361745
14.8,3.1332584292795014,20.011043034809184,44.82582772129492
14.82,2.057613637349652,20.039701909630253,45.427760385151004
14.84,1.0080719417869308,19.823140932926524,44.99624967702215
14.86,-1.09880010224241,20.18799742565806,44.977897608897976
14.88,-1.6863163553942633,20.168973172764783,45.2451146650063
14.9,-3.363767787355716,19.28123398513211,45.132771414585726
14.92,-4.123553972290879,19.23145148634602,44.85748478747598
14.94,-6.084857148348077,18.86222438069272,45.020532567334726
14.96,-7.466091509932803,18.531742172525657,45.426638162144165
14.98,-8.981888377922981,17.68544665975847,44.996170659590675
15,-10.001320120952082,17.492687034867608,45.19839270506003
15.02,-11.037559896851729,16.589933543118256,44.67867968864718
15.040000000000001,-12.256779733022766,16.04221831373537,45.02304304812474
15.06,-13.369801560207334,14.426348463143656,45.444333699026664
15.08,-14.144146850843521,13.821311617362985,44.884187906449434
15.1,-15.544141185568824,12.546290550836556,45.38566661156664
15.120000000000001,-15.99954859686481,11.697247457219072,45.18529987362966
15.14,-16.889074051706018,10.13373349991986,44.72272968628201
15.16,-18.084560113280965,9.40670330841826,45.189402119522335
15.18,-18.601559737051172,7.879094446025789,44.80254963794873
15.200000000000001,-18.683654703738174,6.832742484442742,45.291677062187745
15.22,-19.320655286592732,5.094311863293124,44.5328825908699
15.24,-19.03580036541121,4.20216139467057,44.93794565227221
15.26,-19.90191614721243,2.4637289190450264,44.39014607944011
15.280000000000001,-20.236922734120384,1.5233757553636527,45.1753269184145
15.3,-19.85025699775818,0.21095986551215098,44.73760824580838
15.32,-19.87959824093765,-1.2480771648074112,44.68737138683387
15.34,-19.586232079885217,-3.33763821833553,44.541826516317336
15.36,-19.912353572997645,-3.883630807921311,45.1324223261627
15.38,-19.32703060998924,-6.116942312800768,44.85012864240304
15.4,-18.473966533907923,-7.155102713565622,45.05874015519256
15.42,-18.133223464045585,-8.31805297258749,45.21065327240873
15.44,-17.790311007163837,-9.316510538877653,44.84810354310404
15.46,-16.50329597403765,-10.123711054985948,44.15672616802629
15.48,-16.263288719554687,-11.437479167441616,45.06889428790341
15.5,-15.474288056912444,-12.511854272554727,45.248220870539114
15.52,-14.441852485760489,-13.733268603952697,45.50873248150932
15.540000000000001,-13.072118737145765,-14.641894718658577,45.065295673614564
15.56,-12.534026998272136,-15.637481585892154,45.331225515404995
15.58,-11.524627919708756,-15.844658734667492,44.70550822499512
15.6,-9.878314183182207,-17.581833654263264,44.881319466938564
15.620000000000001,-8.654315657936827,-18.37951164557314,44.97397086431027
15.64,-7.406166805583094,-18.517999949186585,45.16817266795909
15.66,-5.717487270206602,-18.743366357405407,44.84176293296262
15.68,-4.905196628691722,-19.149138243960486,45.229860985073756
15.700000000000001,-2.865834661591633,-19.646360913687566,45.40261641044023
15.72,-2.2191466957679156,-19.80644870188472,44.762850890812054
15.74,-0.33048796684466164,-20.443496361121447,45.43176464306137
15.76,0.6839492219196001,-19.78407632729128,44.84405048511816
15.780000000000001,2.0716755305058965,-19.62228925835205,45.04433707620232
15.8,3.4415318160359094,-19.42437836290727,44.63380795218326
15.82,4.850671483572654,-19.430490558908865,44.91208852757469
15.84,6.1759192586555605,-18.632157010441865,44.42226142648003
15.860000000000001,7.693587102447461,-18.90086872715703,44.691430089966154
15.88,8.776815772597123,-17.737266238821906,44.468915497665755
15.9,10.191090180999666,-17.172927316146612,44.49015696430206
15.92,11.81373779359246,-16.447084291588332,45.09340908227027
15.94,12.279280514635953,-15.853758099275833,44.693958820335936
15.96,13.468188378295501,-14.71919303916443,45.0100839162768
15.98,14.35532721165355,-13.698522259956881,45.37114166415231
16,15.238221950947166,-13.601534547891623,44.603826507784426
16.02,15.756659308897465,-11.219789512097616,45.06802032527256
16.04,17.227254363749452,-10.847343972317377,45.23443926997742
16.06,17.933137123946043,-9.615178435547554,45.07789781515057
16.080000000000002,18.127454429354653,-8.194104064389874,45.23352032368011
16.1,19.06960005278161,-6.694915244384457,45.049805789311634
16.12,18.436235272431052,-5.3004296439602125,45.32239467054737
16.14,19.925090283789324,-4.77866493233619,45.04427350049864
16.16,19.504352215506838,-2.621879239269075,44.675061380022186
16.18,19.75764928495096,-1.2904134270283512,45.042463355315455
16.2,19.952485579753514,-0.2861987352314376,45.397463918617795
16.22,19.876319526211223,1.7572677149717206,45.41699266461472
16.240000000000002,19.40145672577379,2.5285773972105456,45.48759763086411
16.26,19.46138708043978,4.239260841320388,44.64124448624751
16.28,19.364497349659466,5.793457053751051,45.385939436987805
16.3,19.01227079185643,6.8062792898496935,44.73600530240573
16.32,18.50984341994496,8.380786429309163,45.11997501908605
16.34,17.229662384118093,8.885061024443068,45.33684949368479
16.36,17.076608181688915,10.933603841345121,44.86361795022877
16.38,15.352600701857414,11.736651533037186,44.62968562951913
16.4,14.954018354754957,12.381100874427794,45.163395247237915
16.42,14.18465753931724,14.68709724344045,45.022372765681546
16.44,13.747970690656292,15.066306459949049,44.92464840042685
16.46,11.987436996533209,15.412725788099701,44.64868632340877
16.48,10.876731627643268,16.16566337950389,45.255704185114666
16.5,10.85450534215609,17.494909010510046,44.83716006045894
16.52,8.929197358213008,18.192791452886954,45.02602072475118
16.54,7.44353956134757,18.733001917319342,45.19555156361761
16.56,6.191416704891047,19.295995631798355,44.90368757621458
16.580000000000002,5.082096588729086,19.162717595584425,44.99486352318454
16.6,3.3553483136279705,19.717612240318132,45.41107023105896
16.62,1.7453525263508147,20.378306561107607,45.5496510598478
16.64,0.58733001971565,19.415445698770437,44.8677343553981
16.66,-0.8199292674991239,19.892509594101316,44.66083716151726
16.68,-1.748859199231481,20.090414801111226,45.17430040083058
16.7,-2.910364494239702,19.56469034187319,45.041058395663555
16.72,-4.662013828361261,19.537319462750904,45.21591194439108
16.740000000000002,-5.867611193993598,18.211928288409595,44.33954709230682
16.76,-7.569582308851947,17.95175780825446,44.52886080645674
16.78,-8.707069041364035,17.373134853920217,45.2900260799441
16.8,-10.726206560436614,17.23217334800484,45.04485304207989
16.82,-11.71527204224071,16.362499633032694,45.06646285538144
16.84,-13.239466914129352,16.072578655310842,44.91630513343346
16.86,-13.200273194278855,15.126794714254698,45.32346464748317
16.88,-14.552130817902528,13.862794316535414,45.53533540001951
16.9,-15.355002643508948,12.751778568825863,44.88455322169387
16.92,-16.15986977855814,11.946157472414678,44.7103719540613
16.94,-17.067153909679675,10.533316585164451,44.82461892410635
16.96,-17.872601195138888,8.975013736596342,45.04800822689506
16.98,-18.178698339169003,8.841599097069999,45.0519305802611
17,-18.575216763998217,6.387006728799775,44.760307935414126
17.02,-19.309475967759912,5.370337609918088,45.24447412189952
17.04,-19.702849373225686,3.748819374620985,45.05501455436634
17.06,-20.590738198486925,2.883734005005112,45.40220675828744
17.080000000000002,-19.706324798211867,0.9332139686830913,44.9717792905254
17.1,-19.515149369930214,0.3217355476311887,44.7608356006157
17.12,-19.815764361686465,-1.58398006257774,45.010418565090134
17.14,-19.81402762385713,-3.25865622692006,44.80336523018128
17.16,-19.925317667954246,-4.026218959865247,44.726347970889584
17.18,-18.70788341589128,-5.651753530939975,44.877603080786514
17.2,-18.336106157650413,-6.4655069882843055,45.62065006933587
17.22,-18.71416712930007,-8.185855519645687,45.35236474210138
17.240000000000002,-17.84974387427029,-9.181951090750616,44.83204294124278
17.26,-16.916648184906055,-10.443428931204682,44.50940394965265
17.28,-16.32045445396011,-11.678798970907613,44.84865328822831
17.3,-14.62557178377988,-12.29857032378795,45.488352211713256
17.32,-14.511450395600098,-13.811779299758571,44.73692601872673
17.34,-13.761076873756208,-14.940800850017483,44.6758299067744
17.36,-12.317159630591798,-15.353330980167637,44.74916801169162
17.38,-11.261227463939186,-16.377519052394085,45.02282457953976
17.400000000000002,-9.768054465773004,-17.20502929205141,45.257133336225856
17.42,-9.190569749109155,-18.10014694972081,44.31585068077015
17.44,-7.661927688198609,-18.303074839530044,44.83982842715668
17.46,-6.524444170089044,-19.136055743253742,44.61651909871535
17.48,-4.290211945104193,-19.766312603497152,45.05780831847297
17.5,-3.4764776799783985,-19.48756468854307,45.76231720265947
17.52,-2.09811926751339,-19.935870805655924,44.972385298602894
17.54,-0.5203727070939395,-20.028692727037807,44.89891361535661
17.56,0.3828959540523252,-20.03609094592646,45.070934425621594
17.580000000000002,1.9898486388462049,-19.761585851106314,45.00071808554171
17.6,3.195899035114597,-19.57347192439912,44.86038350783808
17.62,5.00691572982799,-19.131193312299768,44.56149212069103
17.64,6.138418276978415,-18.743460366091803,44.85330719354393
17.66,7.137276949194916,-18.295331377822766,44.451072804417436
17.68,8.96991791009196,-17.958478320300056,44.528863362028844
17.7,10.281584092634262,-17.242320388499397,45.14825016207884
17.72,11.72017445293366,-16.357033826550982,44.93293179459779
17.740000000000002,12.294906677733442,-15.518548702812584,45.01346358071543
17.76,13.312124164305775,-14.941244772094976,44.973888336119465
17.78,13.816293653463783,-13.436873435759363,45.04113481304846
17.8,15.649165764681419,-12.66372408580175,44.935238528141625
17.82,15.590666577041574,-11.230210796561831,44.9866153033232
17.84,16.80997473725228,-10.616244917947487,45.48177861732184
17.86,17.03338518329843,-10.005540564192227,44.827588125537616
17.88,18.276074811891732,-8.454091409929003,45.48688362256792
17.900000000000002,18.87486672904457,-6.94804121103797,45.43452840614027
17.92,19.45071251564189,-5.062907559332113,44.88212022864259
17.94,20.061916444038452,-4.190735899262189,44.978045714432376
17.96,19.9074874293794,-3.086956451831573,45.11475630338512
17.98,20.223972691727386,-1.7718340196980744,45.089874761616564
18,19.803535244923047,0.46590352823518355,45.36720681653401
18.02,20.189162875689128,0.8650365901981509,44.9158895441907
18.04,20.071791581841648,2.7600359271186123,45.04534348550701
18.06,19.685154724948795,4.312839443555017,44.958552694148366
18.080000000000002,18.98244532541407,5.008647518806506,44.77638832277957
18.1,18.848000970197795,7.2017909982720845,45.12033685441905
18.12,18.21210917810619,8.477009206273491,44.56177017515129
18.14,17.35016186839749,9.857423629232297,45.12188576509949
18.16,17.31767611917275,10.363475825938373,44.697322861320785
18.18,16.160065114396613,12.301623055008324,44.50562913737391
18.2,15.191770249144007,13.361870100425383,44.77428489044285
18.22,13.569010357590908,13.493594568396112,45.27105791292653
18.240000000000002,13.619581001628056,15.241509313455733,45.09446498678108
18.26,11.834478952053358,15.555246992402743,45.49770901029706
18.28,11.02986525988138,16.70881046781969,45.24094559725701
18.3,10.017490781897541,16.57222265975819,44.572088288860826
18.32,9.101721879189432,17.877416444039547,44.79809508978629
18.34,7.844880188866656,18.174903521780273,44.796066698392266
18.36,6.3961977901922555,19.23547779330885,44.87205419212881
18.38,4.902178108629441,19.706528896757256,44.60892614232424
18.400000000000002,3.530359025343268,19.863558616937116,44.65586116714048
18.42,2.1737407627168697,19.737857247324825,44.76784946169627
18.44,0.4504753632884648,19.73470312779191,45.08720215261337
18.46,-0.4976421307748161,20.263267444710447,45.3785602795483
18.48,-1.6911728249383433,19.46362863217793,45.27007408403617
18.5,-3.413853952251496,19.776309892623292,45.1104949170015
18.52,-4.868247328540377,19.673245816653072,44.69055069399476
18.54,-6.170178499790212,19.185031958133383,44.601306812092005
18.56,-8.188078703268522,18.065287403648014,44.97278680129623
18.580000000000002,-8.705752263238134,17.79341531028261,44.792728023239796
18.6,-10.51189272287138,17.16888947587079,44.84269919742416
18.62,-11.38966007995135,16.416595744137243,44.73677188123869
18.64,-12.069988097353521,15.917711271295529,44.69844186684146
18.66,-13.370967056647556,15.034555829535106,45.251637767916804
18.68,-14.501250511100467,13.830390104792587,45.35555253810975
18.7,-15.965925749861386,13.184981820699019,45.220296013944015
18.72,-16.140353764465004,11.826528785510257,45.38304461932961
18.740000000000002,-17.05504114951388,10.06518171679943,44.92221606656417
18.76,-17.834577399721944,9.604148023280823,44.06555315599944
18.78,-18.30336252045312,7.627293180857106,44.844974427594416
18.8,-18.593624177164326,6.048832444106083,45.2981835634285
18.82,-19.786731586313024,4.9300494106371175,45.42207133229586
18.84,-19.589381835330517,4.058752134949439,45.11886396672084
18.86,-19.448416073369312,2.565518102892252,45.09930073980522
18.88,-19.5676940723772,1.7434623034019425,44.46640898598208
18.900000000000002,-20.174805582633933,-0.42292972757776703,45.00267621942545
18.92,-20.063495504356823,-1.2276339528724574,44.95730127357738
18.94,-20.043207137945227,-2.9561994729154897,44.97168573637324
18.96,-19.467214614615887,-4.129624271650945,44.9264806772361
18.98,-19.20945803931414,-5.364216260223459,44.28851192368411
19,-18.506959770694667,-7.048929679079661,45.22181277948252
19.02,-18.31634423564282,-8.40699685632046,44.76964254303893
19.04,-17.116149775423146,-9.34686752862328,44.635228136829
19.06,-16.972687404902317,-10.561523479071834,45.46607947635113
19.080000000000002,-16.788805003926086,-12.282638678688942,45.29791822522055
19.1,-15.333764907256914,-12.8203092556757,44.751952824891085
19.12,-14.528512762334227,-14.02452995101501,45.50573043380983
19.14,-12.939639826091467,-14.560541186649312,44.906813140968815
19.16,-12.285648704549882,-15.405616425096586,44.95151494029514
19.18,-11.203776076473458,-16.705961860541656,45.1075231642873
19.2,-9.839939020304003,-17.414592074288844,45.24940294376781
19.22,-7.971988473064419,-17.84584320687673,45.42911396106839
19.240000000000002,-7.497999746106705,-18.817565294610628,45.11092141191865
19.26,-6.124172391653119,-18.918807511053178,44.9184595958155
19.28,-4.522023459480567,-19.109400252496748,45.495025114229506
19.3,-3.7718567063621045,-19.761229165696278,45.31085335206901
19.32,-2.5514201892993746,-20.28964133212881,45.07304663741863
19.34,-0.5533399008826086,-20.260982167760584,44.47847028215885
19.36,0.40451998806054096,-20.46926800653418,44.91676342229623
19.38,2.2886905980496346,-19.588565928609032,44.894733437836365
19.400000000000002,3.557674116882776,-19.949064273574752,45.10126397701413
19.42,4.800322055261404,-19.590864840999142,45.443057412889694
19.44,6.361300074752059,-19.079500430521406,44.912553605120685
19.46,7.6452460592691684,-18.537532867317594,44.9758538753285
19.48,8.899605708961136,-18.127747312536368,44.79432580189809
19.5,10.064766696326503,-17.503123647851424,45.28786544699358
19.52,10.89158435776649,-16.913565376430498,44.608029011203115
19.54,12.615920588802718,-15.324499883859858,44.984822410111796
19.56,13.338600328635266,-14.393287733938006,45.16331416304406
19.580000000000002,14.55740659598168,-13.457041719823135,44.771986942259474
19.6,14.943413255008908,-13.019425453534456,45.09196946585407
19.62,16.368401971626295,-11.827918244687979,44.79499358260337
19.64,16.726659359410274,-10.755642008830852,44.46500032185672
19.66,18.032770638446156,-8.790212131942125,45.15756021594455
19.68,18.16824888679217,-8.533868282715511,44.871370826432646
19.7,18.58469393315144,-6.9061397700035085,45.33089037574718
19.72,19.38060070375756,-5.930887257939864,44.92176457701478
19.740000000000002,19.43258438183895,-4.363804192452586,45.19662591477919
19.76,19.382356191901938,-2.7451246840572385,44.730196468077864
19.78,20.219475731338942,-1.5162466779502697,45.05493680502842
19.8,20.070504250237622,0.5345988020202922,45.04911653704038
19.82,19.732903596038334,1.5195224381782444,45.24355830369256
19.84,20.201663203220463,2.5679762517436293,45.230449468168025
19.86,19.3408037278688,4.0496998993349145,44.61804368851674
19.88,19.52784883537418,5.50329608359171,44.525479500763026
19.900000000000002,19.204838163385517,6.89847925012287,45.187159738083345
19.92,18.22573239949471,7.588938599877016,45.127423609120825
19.94,17.649488853210386,9.527669000644638,44.602574712538356
19.96,17.065550766193,10.584505592359543,44.489826009582416
19.98,16.089146941181294,11.641552085311028,44.61835526510393
20,14.832682832207098,12.787702865020547,44.71413821714999
20.02,13.751902053201729,13.587762531833132,44.85821835422736
20.04,13.59826405142199,15.064822245542993,45.382890161202226
20.06,12.310404487140575,15.449007136468905,45.36659397582298
20.080000000000002,10.503921094519146,16.411271944406607,44.774925023384064
20.1,10.358188424850209,17.21378046754576,44.52597905560723
20.12,8.725840980720383,18.124309735101228,45.18687800060213
20.14,7.4339943420097025,19.043691262967315,44.99454578705451
20.16,6.3801918578107255,19.011452863010586,44.880663003646234
20.18,4.086509296057424,19.16487864268989,45.14317763053787
20.2,3.368537137978447,19.622113052277758,45.39466716281332
20.22,2.307810429231548,19.878302803108188,45.368507096087455
20.240000000000002,0.8416416414629468,19.510563740453616,45.42488922815208
20.26,-0.5669624823062113,19.714320251764008,44.90538174480544
20.28,-2.4174150835574273,20.025444925422253,44.80255131619732
20.3,-3.6108862593249755,20.011935827168497,45.433092219965346
20.32,-5.419630244083524,19.460196689567656,45.261169739065416
20.34,-6.485633078710866,19.333479813969216,45.3690721913973
20.36,-7.644781933398645,18.970000993572345,44.72114619314434
20.38,-8.678076018653577,18.755915588188568,45.471654921086454
20.400000000000002,-10.076876653644277,17.657951066193256,45.080115395335355
20.42,-11.124585092543176,16.907312593768697,44.99621055465682
20.44,-12.515198494896127,15.770911453664086,45.04517287093751
20.46,-13.955388395303515,15.452385952067939,44.919388634435464
20.48,-14.685677698651112,14.037042951507711,45.19457419540504
20.5,-14.626855086273657,13.239873132101085,45.48077046839808
20.52,-16.598605837877805,11.520392309596783,45.01671684407107
20.54,-17.082888070854924,10.440943645636976,44.98497459392254
20.56,-17.783240516514727,9.77059701872009,44.92758221063712
20.580000000000002,-18.19339371696878,8.19256871028068,44.78542832528508
20.6,-19.267886286347494,6.476786898432826,44.85505380020099
20.62,-19.271336870808035,5.390116832453228,44.620599549059534
20.64,-19.669002726895826,4.477490654006986,45.21421596769466
20.66,-19.97140672136385,2.991290915767236,44.729925919356475
20.68,-19.85779360277196,1.685959996724812,44.39193776462613
20.7,-19.70410437960728,0.13887858896956964,45.57300219131579
20.72,-19.753020997846704,-1.4700302643852357,44.52744892344603
20.740000000000002,-19.709115086139715,-2.558178637267597,44.97935552317337
20.76,-19.2495797069055,-3.718501164867822,45.19832352303371
20.78,-19.1788628747792,-5.27013605268316,44.94824076538116
20.8,-19.19120384478939,-6.286609593314694,45.012455272563564
20.82,-18.396789220064136,-7.828024028214117,44.26786528258332
20.84,-17.34892420120464,-8.990433934990946,45.07703826231846
20.86,-16.44615251723128,-10.496180802660142,45.445222622676035
20.88,-16.39745799005676,-11.953097341054054,45.559685815013395
20.900000000000002,-15.48319107485067,-12.503865099253227,44.99071861698935
20.92,-14.667640112414697,-13.775853595046359,45.51904436731574
20.94,-13.593231947442451,-15.518825093030443,44.82237716378806
20.96,-12.057810664992829,-16.038550550825047,44.90499101206585
20.98,-11.248387630968681,-16.16670690494685,45.141197356849155
21,-9.805544733364393,-17.802706101452397,44.745769137284
21.02,-8.23030004530845,-18.19873562090502,44.72138980897201
21.04,-8.024901606958123,-18.619501444541033,44.66589045381619
21.06,-6.628066406984385,-18.74406454383238,45.017918253955315
21.080000000000002,-4.574202114190418,-19.36922679061029,44.741226498411834
21.1,-3.5741901550817343,-19.9309627270082,45.61361334492931
21.12,-1.9946189156025695,-20.140577929976434,45.211880606557756
21.14,-0.2147302986669818,-19.66805863480509,44.68232320604522
21.16,0.6175216421249768,-20.28207248480298,45.710162057717035
21.18,2.328128507122338,-19.1417612741205,44.90806120255153
21.2,3.204436483913049,-19.54686932625062,44.76373455225199
21.22,4.630396324663379,-19.349325807982083,45.22343103228548
21.240000000000002,5.887840731794231,-19.30473348451869,45.286596578827336
21.26,7.516180309669499,-18.49776669926314,45.27940307635681
21.28,8.868242209605976,-18.377543278510643,45.09312516881491
21.3,10.665372688824027,-17.071312181640323,45.6942852971656
21.32,11.150712513399027,-16.39057462759081,45.576997496005085
21.34,12.881755255057946,-16.0032838067555,44.6936359503812
21.36,13.56974948985382,-14.436106446569674,45.3242708194004
21.38,13.838368722524327,-13.509289032765464,44.64849662150319
21.400000000000002,15.593107237787319,-12.879925651141875,45.007945642833434
21.42,16.07015443645395,-11.775115659355638,44.91507777922253
21.44,17.21453116697272,-10.696730310692447,45.583831610975174
21.46,17.152473488193163,-9.604214719044569,45.18693488837443
21.48,18.465133253173892,-7.981274947799219,44.93245517850439
21.5,19.039860445042336,-7.341866248330019,45.0687239532767
21.52,19.4895054408071,-5.313524045342979,44.69691831338014
21.54,19.159360533268536,-3.7016405590285943,44.97626440964939
21.56,19.733032697440024,-2.9309577636149418,44.843907572568526
21.580000000000002,19.686651750032794,-1.6368001698080565,44.828761348874046
21.6,20.132329441715527,-0.14310493173883262,45.069385443797486
21.62,19.648142914181605,1.4122169892958514,45.06598916905178
21.64,19.63395514590395,2.788668780702349,45.122193298267575
21.66,19.683448929887888,3.6324917978810065,45.31711731767617
21.68,19.100671039088684,5.103993121062681,44.805936245894294
21.7,19.022871691900566,6.522366451840369,44.90370202158687
21.72,18.230545602944847,8.005880292524704,45.01194647281758
21.740000000000002,17.592259898029855,9.495237277664337,44.70445344333692
21.76,16.69361430565826,10.763326291714286,44.50448687231539
21.78,16.11768315030208,11.714334014410804,44.672884829049295
21.8,15.108074251937149,12.754898843134189,45.452445793596056
21.82,14.438418995881488,13.565319384967035,44.55094588739691
21.84,13.785957160631837,14.962981075264954,45.080580937403944
21.86,12.068552170389534,15.667053840370361,45.09449221493066
21.88,11.041267023862243,16.636119832538498,44.54892894210363
21.900000000000002,10.556988258500017,16.992134344415522,44.804691761570595
21.92,9.160451157563699,18.347908728150077,44.92001498106182
21.94,7.555265425747565,18.285197147406492,45.132503433576254
21.96,6.115537006167948,18.64104926003962,45.24312500900066
21.98,5.155545054830731,19.130177020126105,45.694227610940615
22,4.078277779140828,19.94290553977427,45.001621763290295
22.02,2.0687117326193385,19.55249790160238,45.26693605767894
22.04,0.8894101162444454,19.949713282191954,45.180118288501454
22.06,-0.7623329382985367,20.255078759393523,44.68473164005167
22.080000000000002,-2.4180958435753084,19.622404319130943,45.080705666220354
22.1,-3.557283328495144,18.61173829525192,44.89192685975784
22.12,-4.302701330969581,19.553372720335297,45.16365415982052
22.14,-6.367895329045958,19.55829297459935,44.6487273049772
22.16,-7.353920380835542,18.0863386327362,44.77282032489372
22.18,-8.774402377867373,18.060458253473126,45.088385660041844
22.2,-10.183964970575735,17.087198580352066,45.08592215035492
22.22,-10.887835132147895,16.267143280007563,44.77230678526266
22.240000000000002,-11.559579444080246,15.793140457899025,44.73446238875024
22.26,-13.961467626350707,15.357449152760253,45.242313865733436
22.28,-14.5319050988731,13.207225189341587,44.90392109404542
22.3,-15.252339648179754,13.004702336371285,45.121058844738684
22.32,-15.990270855899785,11.24071539699818,44.8497745750996
22.34,-17.048466739573744,10.408915518122647,45.07160859589759
22.36,-17.83989401855385,9.402642935706067,44.951461425249676
22.38,-18.3722884260118,8.128427981275218,44.26980816238583
22.400000000000002,-19.020665413991704,6.811684982726399,45.1055616917683
22.42,-19.066829478298626,5.603488890399604,45.18443045208524
22.44,-19.680451713904482,4.0259809993822016,44.100553259006546
22.46,-19.636763774715167,2.7714781663067147,44.53467170239578
22.48,-19.84626397758734,1.6791542147974172,44.67135865378062
22.5,-20.164157900891308,-0.44647780637953155,44.84622658146029
22.52,-20.143061478449155,-1.8023277717021826,44.81982828685572
22.54,-20.285978160770583,-2.4537644386723745,45.223202993026696
22.56,-18.852937009959394,-4.146361743284964,45.07125384831854
22.580000000000002,-19.687557325291515,-5.6749019877174645,45.55180297182005
22.6,-18.845116213394945,-6.505980273055198,45.26424320119971
22.62,-18.153460515922134,-8.541013148728627,44.59200615898341
22.64,-17.262102909896598,-9.399379850301436,44.4401423070945
22.66,-17.598953510698834,-10.918827410025225,44.34172586685156
22.68,-16.20396314004116,-11.397209383238243,45.158073175178686
22.7,-15.330873651087558,-12.417914988552193,45.23080717419175
22.72,-13.790213958728152,-14.139429973376188,45.28788608311514
22.740000000000002,-13.548740962776657,-14.709368214361172,44.982190974285324
22.76,-12.70437470454942,-15.633630823193517,44.85484615329011
22.78,-11.352517197341378,-16.3921178742608,45.5252094043349
22.8,-9.808906973935828,-17.188665287543003,45.105646115809726
22.82,-8.780571613323772,-17.691003472292902,45.26959469453376
22.84,-7.470203034542645,-18.858297947282754,44.74346562795483
22.86,-6.0434819434434255,-18.65341285547243,44.92301829940339
22.88,-4.7709656477290405,-20.087423843033722,44.94853669613467
22.900000000000002,-3.489696137737336,-19.762936405284886,45.12341600658057
22.92,-2.0071489248909393,-19.525082416898375,44.77415015513105
22.94,-0.8031147368455378,-20.08450852678086,44.685385702272015
22.96,0.9967117357953346,-20.010297112214904,44.60588981965124
22.98,2.075851176871152,-19.563869307423943,45.02880850348864
23,3.716833046173793,-19.57463584468152,44.857564807788954
23.02,5.287588422552992,-19.008542682283455,45.243437405288326
23.04,6.129172489469293,-18.964109949964666,44.760300884036226
23.06,7.237107308763331,-18.75959362978899,44.82155898477817
23.080000000000002,8.973985088181959,-18.62561724303055,45.05598245140365
23.1,9.889347732251347,-17.248044107788143,44.611206505209076
23.12,11.129810808479952,-16.589788066414922,44.22187225210232
23.14,12.166142750443003,-15.64201712673573,44.60956873062801
23.16,13.752320237132624,-14.504953685342928,44.53357477288595
23.18,14.66044084354721,-13.785702668209948,45.00371175788228
23.2,15.546728574664689,-13.328125814104526,45.51465207455763
23.22,16.181070995152602,-11.907554228889019,44.85457420771977
23.240000000000002,17.31053238225152,-10.277644111594226,45.053719962592474
23.26,17.12454932538152,-9.551776755613373,45.23893433389416
23.28,18.647783495972686,-7.9221226211336155,44.988153982102965
23.3,19.079548826389846,-6.935419141896224,45.15204163464703
23.32,19.30747517781391,-6.209036646433847,44.86538283923107
23.34,19.20329775413228,-3.645831802427858,44.899697203464164
23.36,19.64517706379897,-2.655520380467769,44.878552883575956
23.38,19.963399800076342,-1.6949411075488703,44.71869056024799
23.400000000000002,20.142479831089872,0.7669760734630202,45.22344335331719
23.42,19.933073810210168,1.106839439852568,44.781762419587196
23.44,19.712279997895003,2.6917627852251074,45.54976398602375
23.46,19.380744010062667,4.442403488438972,45.01650592369227
23.48,18.896496177836347,5.045949150800788,44.986618502743234
23.5,19.04330119660088,6.817630639888203,45.056681253096855
23.52,18.032785385082978,8.163718687951585,45.40409107546906
23.54,17.509713267577748,9.52457264553417,45.34506835038375
23.56,17.174328744087042,10.322823106772729,44.93428708330173
23.580000000000002,17.33696793997953,11.972038156453674,44.68020968750818
23.6,15.068467327763976,12.677240451119475,44.90498982848591
23.62,14.458563671655165,14.377920971746045,45.01138188758613
23.64,13.0975557396663,14.455050448745004,44.93717026710023
23.66,11.943257984913503,16.088678661583714,45.06219121153662
23.68,11.575668246379514,16.959258743973358,44.93069181242357
23.7,9.934285943965309,17.31692024367162,44.842389305533715
23.72,8.868994467860567,18.09576638907247,44.40868030246741
23.740000000000002,8.001249779288349,18.84705809812746,45.08180392001325
23.76,5.7275152506268,19.016474395060595,45.39073315944801
23.78,4.636665564713929,19.43158150217445,44.685760474959054
23.8,3.894618828804126,19.506760328000375,45.48411848738002
23.82,2.1987403353671184,19.890693683959082,45.067153040672615
23.84,0.7182687265091402,19.516780379309445,45.370519264426264
23.86,-0.7051337492196721,19.787967959726007,45.041738914951466
23.88,-1.8715799557522435,20.30636888018003,44.729956153621934
23.900000000000002,-3.444794852994003,19.688261148626555,45.16175733199016
23.92,-4.864154536172881,19.413778969175887,45.581208081746134
23.94,-6.687482691225273,19.066432921123965,45.28254590281553
23.96,-7.268146372654523,18.717329226014638,44.88457045645078
23.98,-8.348258689466423,18.3555258338441,44.90634672228067
24,-9.823381186648868,17.06705582179638,45.20324093049459
24.02,-11.70037774205546,16.722183377578887,44.612369705531506
24.04,-12.613988191872805,16.236506350775,45.5915192912426
24.060000000000002,-13.570565365952111,14.990860177936487,45.41877622633853
24.080000000000002,-14.117613839854638,13.767332963000461,45.032712375963214
24.1,-15.337099532684862,12.492377856929563,45.24049915416581
24.12,-16.43704535742033,11.560117429984876,44.63322313954771
24.14,-17.1758876603253,10.696437932874456,44.86965312093786
24.16,-17.86421189398372,9.267193959406129,45.36577779527438
24.18,-18.452314800674003,7.912358048204321,44.667172973809215
24.2,-18.839126781283678,6.619177604240101,45.32896455901111
24.22,-18.939087246898016,5.9939581392153665,44.71611976651033
24.240000000000002,-19.84910211156705,4.2353651806601045,44.746471310331685
24.26,-19.87546559156979,2.9745731937727147,44.60354007810785
24.28,-19.93046572707488,2.080056595029146,45.03656956784836
24.3,-19.754550160465655,0.10463329649628764,44.67470242057811
24.32,-19.517994335503555,-1.3850830567707981,45.00709412289336
24.34,-19.45036448842176,-3.0039938265257558,45.29890186750851
24.36,-19.510694439845683,-3.7447836002625814,45.26027803457584
24.38,-18.285894992287336,-5.173860737433737,44.90149084803558
24.400000000000002,-18.800018566343535,-6.92820001366183,45.054029888758855
24.42,-17.804483991520588,-8.083352399591291,45.135150622557134
24.44,-17.926814244947373,-9.27554886754597,44.9094285304577
24.46,-17.074915659623166,-10.51339592044326,44.878442672734
24.48,-16.4245095595439,-11.462304055684891,44.59024129556858
24.5,-15.295999557713422,-13.059943645215668,44.937853721454246
24.52,-14.245384540483299,-13.573227746367618,45.283952806116034
24.54,-13.303920853611022,-14.404940141188012,44.934111804727316
24.560000000000002,-12.155832244662982,-15.47318270226544,44.998455660232295
24.580000000000002,-11.338760152470925,-16.40994722539585,44.966850453656754
24.6,-10.037265146026717,-17.488933831881248,45.61147852405094
24.62,-8.59308533854896,-18.186306880322885,44.979934395198796
24.64,-7.420358121835259,-18.275696508275605,44.685228024108284
24.66,-6.35967486920532,-18.964122243432097,45.3074378413049
24.68,-4.619622049292762,-19.015245270412542,45.2169556949687
24.7,-3.8410466763708673,-19.169185921580222,45.13744018723398
24.72,-2.127663719040776,-19.885526707550355,44.59924859844152
24.740000000000002,-0.03185118082326932,-19.889063095329956,45.524048285392915
24.76,0.5583318353084502,-20.228032757330986,44.735640397122836
24.78,1.957914614029437,-19.86480897622673,45.07515052284263
24.8,3.435730904098334,-19.996833033730255,44.546953133380754
24.82,5.230797594005655,-19.819538785186484,45.27745651319612
24.84,6.0026164710525824,-19.650786385431545,44.81505407303614
24.86,7.443794505282738,-18.59241219577649,45.491288065173386
24.88,8.627373030306073,-18.003691088136367,44.79841639433589
24.900000000000002,9.56666083948805,-17.509429128504618,44.70228348365239
24.92,10.99227105654891,-16.54730116307613,45.012453593589974
24.94,12.184345768152527,-15.733899768196306,44.88620377709097
24.96,13.41733610587654,-14.679956913888674,45.02049214653201
24.98,14.158929494432762,-14.134203310667337,44.73337279091669
25,15.255417109996376,-12.35535826516809,45.280525804820705
25.02,16.601138965003024,-11.974604155248283,44.9591822176195
25.04,17.260766495614334,-10.719814727001097,45.235034373455704
25.060000000000002,17.118884645164076,-9.466129865318372,45.57547049807509
25.080000000000002,18.384664197966927,-8.387422031795122,45.24349997339017
25.1,19.147389117956102,-6.972141391511925,44.893611382697735
25.12,18.7217560990264,-5.407921918694954,45.13308955466419
25.14,19.894984540762124,-3.8148822959658673,45.20958821949521
25.16,19.934009348397453,-3.0280250216594697,45.293322965145144
25.18,19.51774476093778,-1.4241071500739526,44.32646294108928
25.2,20.3145815400953,-0.07555061630045512,44.69378715817758
25.22,20.161506123444234,1.5526964217393207,45.41350859312164
25.240000000000002,20.928677294453955,2.6085061714452795,45.263522057609386
25.26,19.55507647539117,4.348491795315538,45.20931776036566
25.28,18.880186347588452,5.6796666182597155,44.9512891499179
25.3,18.857353893768664,6.5540747625577955,45.14203377412926
25.32,18.849078085483477,7.8316242017685616,44.81632252613384
25.34,17.805471147366585,9.284511136528169,44.77844223784736
25.36,16.557660824974665,10.275265330677112,44.91277723884804
25.38,16.1607108002166,11.90156012993924,45.7362538007968
25.400000000000002,14.58576687047906,13.046256564993083,44.35944891534975
25.42,14.003304556185732,14.026801519875397,45.0790279303422
25.44,13.124016608019884,14.961122601526602,45.29254023498823
25.46,12.370157929615077,15.83167443802182,45.119432377819685
25.48,10.987801111115825,16.37518452207603,44.68307304907776
25.5,10.453238183166329,17.21086731099818,45.061201497684486
25.52,8.655301431851235,17.934078618490922,45.45651407505076
25.54,7.171663457112683,18.51777916301691,45.05544073798936
25.560000000000002,6.622289751603629,18.986971291394436,45.26073055671173
25.580000000000002,4.878027264311302,19.45428040094386,44.82914713155192
25.6,3.9807338694846655,19.58107700067116,44.95051936874
25.62,2.3863873392543398,19.781931035497603,44.91220282925118
25.64,0.6348401645456943,20.19795694569851,45.33561575226362
25.66,-0.3331421744299381,19.92821894352464,44.05526909218174
25.68,-2.2564631010278875,19.905401983371295,44.92444772855542
25.7,-3.5293205604827405,19.7844760958834,45.41505407986959
25.72,-4.270749758931991,20.213729182813477,44.938679387686314
25.740000000000002,-6.394829894279583,18.779887944901983,44.885150876009014
25.76,-7.2175372641092945,18.723478315401785,44.83166207764127
25.78,-9.16167157562561,17.42187285744471,45.16855267024545
25.8,-10.358538962353087,17.52156212851315,44.67246649645291
25.82,-10.892673407424267,16.269202809539035,44.87125490933706
25.84,-12.868574423432367,15.342443164094894,44.33324568003532
25.86,-13.486458933694744,14.780002301405537,44.520158944234424
25.88,-14.588840540954436,14.377594958785842,44.71991481619354
25.900000000000002,-15.31993973439047,13.143511012159513,44.71587405598895
25.92,-16.043820616358026,12.13851381018394,45.161970391716814
25.94,-16.834846069433056,10.292485623495358,45.19171685488996
25.96,-17.42186519878132,9.248238718123835,44.776384845639186
25.98,-18.036801794238063,8.42495463316819,45.34101960116873
26,-19.082163873202777,7.1217779558349905,45.37024050852085
26.02,-18.46292363270464,5.349786388349227,45.02133754511029
26.04,-19.794904488295934,4.109661127063119,45.04281956307879
26.060000000000002,-19.549517946301783,2.8622053868417145,44.869575399278226
26.080000000000002,-20.33115073072299,1.9224409989177467,44.90416111247248
26.1,-19.600195218578346,0.3628340766497202,45.05818037239317
26.12,-19.50907175007574,-1.6474391562047304,45.24407210949075
26.14,-19.343967082795018,-2.752055806498727,45.34014917577714
26.16,-19.713695591885127,-3.967125832693652,45.543051610914944
26.18,-18.955397436329015,-5.694411107267876,45.17140023991358
26.2,-18.63739619590904,-7.563416713337242,44.63282511356044
26.22,-18.26015055049222,-8.191984866422153,44.65139720449312
26.240000000000002,-17.75411032972879,-9.42202944728471,44.99697472357128
26.26,-16.650758108459538,-10.59161488543426,44.311339642436565
26.28,-15.930527269559583,-11.891837990755763,44.97617980185556
26.3,-15.170614129465338,-13.379427533117022,44.982928812127355
26.32,-14.300384577780962,-14.006439871071807,45.14150561830489
26.34,-13.975730314026764,-15.350754269780456,44.697282018641374
26.36,-12.071187310277546,-15.184577701069172,45.12247358842062
26.38,-11.6816609671752,-17.28382055391623,44.87817151410211
26.400000000000002,-10.219984048973615,-17.148209195024393,44.68129445030376
26.42,-8.741599861401825,-18.514679677766924,45.08698973649784
26.44,-7.4321134641652655,-18.549408214156802,44.430678487402304
26.46,-6.158977426753919,-19.23810046357113,44.551565699698735
26.48,-4.708238499838108,-19.664361843948434,45.47159627655279
26.5,-3.5178104817400055,-19.841950230847864,45.24645104639478
26.52,-1.6903512019398288,-20.148756371097292,45.4166339129097
26.54,-0.8741312720833359,-19.8850279175434,44.645819786013355
26.560000000000002,0.33900509364200304,-20.35210350412192,44.47756194920017
26.580000000000002,2.138881725532713,-19.623351774348976,44.701165225225424
26.6,3.927757761810104,-19.639462272074923,44.70190240542841
26.62,4.480834866998933,-19.676415942569715,45.1990744447421
26.64,6.037837927859377,-19.554738165570978,44.5339413858807
26.66,7.333148274937186,-18.77403216743833,45.06260308025839
26.68,8.592362059078205,-18.660354279250956,44.740072976018574
26.7,9.995352222834612,-17.645668003242648,45.01952419658002
26.72,11.620229535137927,-16.753163862726037,45.1372766674672
26.740000000000002,13.164827768140968,-15.753321186544042,44.49581744608992
26.76,13.753532987832271,-14.295555037714779,45.18425950744631
26.78,13.858726853511268,-13.805769470419625,44.90230434227614
26.8,15.078830429430173,-12.658035681564812,45.24491881842638
26.82,16.193585988950122,-11.417557193917599,45.3604553344228
26.84,16.48074946808169,-10.667814991740622,45.28217529194348
26.86,17.584554431666525,-9.734470468592898,44.43732109696853
26.88,18.57370325122485,-8.232311765523763,45.428006732961016
26.900000000000002,19.193070681924414,-7.065207920022441,45.00076943688512
26.92,19.566256442762768,-5.073264862846183,44.687471935540124
26.94,19.16527167078587,-3.8616247334573455,45.157857233507144
26.96,20.401474118076454,-2.637314903596598,44.932069798086
26.98,20.420868788776012,-1.1173336358067667,45.00077024794373
27,20.46490065074366,0.07147265382355163,44.8322394413237
27.02,19.64353857546164,1.1040080639409444,44.98674659306588
27.04,19.915779157417624,2.9989180454563065,44.54918714688393
27.060000000000002,18.745073844562352,3.908627466551662,44.71981420199503
27.080000000000002,18.89415144948053,5.508558517741732,45.099062447582526
27.1,18.691403890357925,6.375745422447605,44.77151518953881
27.12,18.87990361370689,8.01846899547439,44.72004305902687
27.14,17.29962742344549,9.411332069368882,44.55303868655034
27.16,16.763860620924667,10.789112311374486,44.75884568229145
27.18,15.978370319987198,12.15496456359928,45.08881922810539
27.2,15.246616056338745,13.166953553692025,44.86233011847764
27.22,14.696784816441468,14.243983707728178,45.03038528353611
27.240000000000002,13.338535745013479,14.829715252082861,45.43730286061912
27.26,12.668781708175626,15.32811293712869,45.24682108450703
27.28,10.585243775726052,16.956014953415664,45.12084144383649
27.3,10.370689371705906,17.352566577666963,45.124727650089675
27.32,8.499436375754076,17.76380862846413,44.98460918231347
27.34,7.154345911063322,18.20192508920276,44.86047588293587
27.36,6.618832152801199,18.933739532946376,45.1593891513215
27.38,5.014254873826148,19.680480840864924,44.926301549095946
27.400000000000002,3.246401544286352,20.24298823021421,44.983169358315045
27.42,1.7477916139886358,19.90343446513367,44.614660741891214
27.44,1.0594655741814767,20.020604536323425,44.99013237496993
27.46,-0.91229560606115,20.119793039001717,45.269039620251746
27.48,-1.86192862073126,19.923308605772075,44.70569883768979
27.5,-3.4023655972954243,19.618378486960705,45.72313349940439
27.52,-4.9783302320010145,19.474502904829883,45.49712920020005
27.54,-6.601417559425171,19.175460296964733,44.85026550121125
27.560000000000002,-7.6637859327342515,18.54915059101103,45.277563232469596
27.580000000000002,-9.140722636452058,17.95477131610995,45.41112680697964
27.6,-10.661930130697309,16.565987849318287,45.243104151602466
27.62,-10.911297374543626,15.921800542040254,44.93550181501472
27.64,-12.338459030779868,15.84507582186431,45.329758108520174
27.66,-13.12281177199109,15.065773818010111,45.06364599735274
27.68,-14.618925448218068,14.070422941818277,44.898090281049036
27.7,-15.211699676284706,12.748730321892305,44.88141847654288
27.72,-15.563619778616163,11.333418789310942,45.17831447273122
27.740000000000002,-17.324918527941417,10.391007612277873,45.27115300836182
27.76,-17.828144991138764,9.479617621107447,44.93047987535438
27.78,-18.222011230179326,8.365446478201408,45.460106498758854
27.8,-18.74764296330223,6.253830310337203,45.115976601692935
27.82,-19.423494810041287,5.707127167682575,44.85679312672537
27.84,-19.420509631178085,4.15269462284536,44.80074981034261
27.86,-19.537419889151515,2.792450991449813,44.91594059862113
27.88,-20.04214466253083,1.2836201450394282,45.1408860664469
27.900000000000002,-19.669313861871856,-0.1884919941504114,44.87339196273832
27.92,-19.701135511191872,-1.222890700079439,45.19085148364306
27.94,-19.72423457474018,-2.8011790846544833,45.25676843737933
27.96,-19.58613154957006,-3.5366860846439154,45.01195178364535
27.98,-19.208070456345457,-5.3176482367074565,45.15441884965869
28,-18.891150264247393,-6.715512828687936,44.772111377931495
28.02,-18.249898340623226,-8.098503488131064,45.18952279137194
28.04,-17.86573405653071,-8.926122844444679,44.910343084331046
28.060000000000002,-17.283492707965873,-10.61941053575212,44.898953807203206
28.080000000000002,-15.94867264260033,-12.018241901408919,45.22505549065456
28.1,-15.255847069738598,-12.296732321074781,44.94224861202273
28.12,-14.532264103936967,-14.183029023332717,45.08244291230983
28.14,-13.531218758056346,-14.786498426239287,45.282468900704025
28.16,-12.07982449467197,-15.615725868069498,44.69667567822765
28.18,-11.082371488999359,-16.63857655713499,44.784988120365945
28.2,-10.025943423169332,-17.22720733851708,44.97111945975062
28.22,-8.835386859884808,-17.607055783649518,44.74395985451225
28.240000000000002,-7.02932805794763,-18.458174696979885,45.04426360807199
28.26,-6.505789316501873,-19.301125135079495,44.975924583252514
28.28,-4.692885291013778,-19.413551877416676,45.26246111854734
28.3,-3.9243568776516526,-20.32411919408279,45.25651007326798
28.32,-2.3436128618801675,-20.223810671810266,44.87719166611759
28.34,-0.5864343040599247,-20.321624666059392,44.82350768118966
28.36,0.397953563532302,-19.85833772409244,45.20437394237088
28.38,1.2406915774010754,-19.702628965578178,44.65018260821589
28.400000000000002,3.8652051595965737,-20.10924049872523,45.0744951388088
28.42,4.987410555825143,-19.289872894951944,45.177312650559934
28.44,6.445585080777083,-18.94647741972795,44.897284101553446
28.46,7.710670615301953,-18.491720043912057,44.896915363138945
28.48,9.101758275251731,-17.77960272974723,45.359468037648725
28.5,9.616703988083321,-17.18179243878865,44.27269877757944
28.52,11.094478388381741,-16.585945795606005,45.48573074528148
28.54,12.180557424224578,-16.394288239795095,44.887534067476395
28.560000000000002,14.13475738434781,-15.127567234280237,44.91070218045417
28.580000000000002,14.038882760692635,-14.02228875413212,44.55077536509488
28.6,15.804771874546097,-13.11778165445061,45.31995842532162
28.62,15.769419873956688,-12.21526016043731,44.730486189140336
28.64,16.744948360398244,-10.287785856953489,44.67557239432657
28.66,17.623792306702292,-8.949600191514861,44.39097657160441
28.68,18.5586520540875,-8.073630810853611,44.620950890991324
28.7,18.715435963182212,-6.80578413318733,45.169850466143345
28.72,19.36542166971555,-5.268730408616903,44.54503767512922
28.740000000000002,19.353625300783108,-4.070820570575799,44.94202899816938
28.76,19.233524845918776,-2.3693181583302807,44.34096357760122
28.78,20.506511739626195,-0.8181297967967441,44.68000888731059
28.8,20.564868577664303,-0.041340126597176584,45.37362644781784
28.82,19.71661712615329,1.2310919163811984,45.47888633205634
28.84,19.48956408079658,3.0671708975773497,44.68000353253655
28.86,20.218149858382244,3.584742199752224,45.4986892603901
28.88,19.767861527800232,5.227917130757537,44.950214444751516
28.900000000000002,19.109514360227077,6.651132336568151,45.52181487997889
28.92,18.635707389250804,7.725185444824422,45.198023466998734
28.94,17.591525236918073,8.96886667652788,44.74569282089168
28.96,17.11357692098398,10.32127947783492,45.00517142379108
28.98,15.828100997351239,12.372728559169854,44.61166621467373
29,15.686783888609094,12.891492508870419,44.612735105269785
29.02,14.982995959690843,13.479459346251934,44.68617707583621
29.04,13.075859759111053,15.277470086015365,44.61753514873831
29.060000000000002,12.25044830762225,16.104960640269315,45.02884200304244
29.080000000000002,10.413726687514568,16.53328977274298,44.319466046024246
29.1,9.75632746020275,17.166304908919063,44.96752357896268
29.12,8.770006798928899,18.306952625883927,44.536451740300855
29.14,7.082818920757996,18.77813581884356,45.12314368446411
29.16,6.048574556919275,18.868320734133565,44.922004510775885
29.18,4.0848414039050045,19.63251742137372,45.05674894948611
29.2,3.1117894417005467,19.70792832346656,45.168885902017905
29.22,1.4726956638061024,19.743081194908793,45.129062327217355
29.240000000000002,0.6242340917699186,20.380061185712936,45.125966873466155
29.26,0.018740959996298212,20.091991948245564,44.790552429816884
29.28,-2.5824314471207854,19.95247287584439,44.741385742185344
29.3,-4.164070153301291,19.310550520312322,44.967960106139195
29.32,-5.155404522180424,18.8985185144017,45.01702293187482
29.34,-6.169144937838935,18.898407533312046,45.17760382181941
29.36,-7.065587956865791,18.60809844434706,45.111401197753565
29.38,-8.968388152118298,17.910489221022036,45.269773760400234
29.400000000000002,-10.068177807898156,17.301012774919467,45.261258704721094
29.42,-11.19106983604852,16.336837154390334,45.292333816470226
29.44,-12.611095788678652,15.272797735468528,44.57220726846525
29.46,-13.585339098506482,15.042904567646964,44.67734556888107
29.48,-14.387169045773422,14.132621128232781,45.40770197590368
29.5,-15.30536778215652,12.867205452954945,44.53968818189226
29.52,-16.143203107321494,11.717328268895212,44.84151019592286
29.54,-17.13438674975057,10.580564174503014,44.62767683253573
29.560000000000002,-17.616319879192645,8.967002953195813,45.11561416973643
29.580000000000002,-18.660685085228295,7.9896029552596115,44.8728806952485
29.6,-18.571954588824962,6.649974614321907,45.079245259874995
29.62,-19.568722366737255,5.114764241505009,45.28441697440594
29.64,-19.36060301222385,4.3895575464218,45.46647537178501
29.66,-19.74243682541244,2.5781613335540605,45.070247506903286
29.68,-20.201759176191633,1.276975966414951,44.85808754877576
29.7,-20.172686803337086,-0.15724036881358844,45.45800567940733
29.72,-20.36078552756685,-1.6067236143636143,45.17854685852397
29.740000000000002,-19.8261384011185,-2.85654257078962,44.74822141296051
29.76,-19.54297837325477,-3.862257783743683,45.268000835505845
29.78,-18.900101891765555,-5.525799821113784,44.80852347602384
29.8,-19.11384355559075,-6.660103660026696,45.179088401333324
29.82,-18.575075597245593,-8.334533744372438,44.904788229554505
29.84,-18.23728334880402,-9.290207232316032,44.559528836451165
29.86,-16.851907489666658,-10.548907823676538,44.59130910872742
29.88,-15.553299095464515,-12.423477799772105,45.35403938103229
29.900000000000002,-14.785801669455989,-12.966094046593959,46.05768638400112
29.92,-14.161233825447932,-14.140921457986895,44.993152702047475
29.94,-13.142005969438117,-14.787448306345288,45.204810940181915
29.96,-12.013482094655075,-15.846719245712416,44.90914074683528
29.98,-11.195033601967484,-16.396546607083334,45.02584257529636
30,-9.446050308693843,-17.66975507603239,44.89407450678317
30.02,-8.559692132496087,-18.332818908993392,45.1070101211474
30.04,-7.380185114478884,-18.864368960505026,45.331220403914685
30.060000000000002,-6.355808497187871,-18.44842671280147,45.6246071989912
30.080000000000002,-4.670560019762386,-18.82124811988187,44.981996216772295
30.1,-3.874492592264066,-19.336956823528027,45.14847361749009
30.12,-1.9791453123629268,-19.878091095568394,45.23434654615263
30.14,-0.4464241187428298,-20.16135386250027,45.335156205625935
30.16,0.2867401362178792,-20.196955465592048,44.73778148809526
30.18,2.2836475423897817,-20.06624993460263,44.63238683869643
30.2,3.790567552998228,-19.871252858228143,44.51086172959147
30.22,5.0569848540335665,-19.560211447882104,44.798406709122
30.240000000000002,5.848300810645548,-18.856471956091152,45.413293844614
30.26,7.354180608440534,-18.144418737383273,45.06551395559879
30.28,8.82278342972972,-17.81336971699486,45.119270648900034
30.3,9.951060927148564,-17.18552451750599,44.9137727367887
30.32,11.379993680316144,-16.15589749774068,44.937296657430444
30.34,12.006334035131676,-15.926570079836413,45.010865952267125
30.36,13.24087499404528,-14.762266088537277,44.78732513515406
30.38,13.908401579493832,-13.385078217472072,45.22716322736415
30.400000000000002,15.329145557197286,-12.972433842484252,45.11383386670912
30.42,15.807054625967874,-11.484409057050712,44.61756183279283
30.44,17.04901280437885,-10.520662915406998,44.66168412015779
30.46,17.293280316714842,-9.421165186229928,45.45776868355682
30.48,18.47852687530368,-8.222084557949332,44.89965084739391
30.5,18.577919888807575,-6.295069333425874,45.07271251075924
30.52,19.238026816128293,-5.688198588127013,44.894513214470784
30.54,19.616272226896175,-4.243982757602677,45.045209635048934
30.560000000000002,19.686504689518067,-2.8329343065597734,45.16480144140579
30.580000000000002,20.394329869943288,-1.4114936972445626,44.83825160653269
30.6,20.206854985668823,-0.17934341266378886,45.24545149315131
30.62,20.378833897312045,1.0802086271073859,44.95766594847414
30.64,19.819407458359553,2.50403329649046,45.26904177457698
30.66,19.619944735852222,4.556475922958215,45.123447210675536
30.68,19.471551579145046,5.652873893544294,44.879492727411375
30.7,18.908013649487927,6.95786439592939,45.12459567319165
30.72,18.021197817151503,8.211678576611838,45.07171371960517
30.740000000000002,17.1725404323466,9.272250215477253,45.150879658784
30.76,16.625795275361135,10.233946068957394,44.92068606434673
30.78,15.74376114285245,11.594523561479274,45.064795794633156
30.8,15.3336870910067,13.727769495805488,44.93141179901173
30.82,14.26418335025751,14.082024448760427,45.0292622620208
30.84,13.168240871553204,14.666951240362955,45.23427447131624
30.86,12.621401214585916,16.244592232263813,44.802259535611604
30.88,11.609880878706939,16.469973923104746,44.89858069424852
30.900000000000002,10.871986593733983,17.13020812147965,44.96940731318423
30.92,8.788381530641159,18.271998894586314,44.873046469266804
30.94,7.176969942354411,18.797044644520213,45.139878460224956
30.96,6.552139529364216,19.097380508672487,45.32045474666009
30.98,5.540667688628147,19.241409878069092,45.215296076850066
31,3.59049409872066,19.983959596080098,45.07830820787342
31.02,1.8262571698626762,19.51480651376858,44.621262483478326
31.04,0.390879940453769,20.112587955813847,45.32250733188032
31.060000000000002,-0.7620456518934072,20.237284175629135,45.478883022350814
31.080000000000002,-1.9154057651887677,20.004828233054532,45.121965022727494
31.1,-3.6563320922019606,19.413049642929103,44.71760170241374
31.12,-4.911577181583876,19.55827921641483,45.27479352843924
31.14,-5.955524233669092,18.7152612000711,44.72913848763272
31.16,-7.511345856841158,18.392998499500962,44.95845370375604
31.18,-8.71812167593568,17.89759290241419,44.890170237950706
31.2,-9.873466034383076,17.311864384304823,45.3741550511412
31.220000000000002,-11.203050880845627,16.32767844426715,45.03495213100908
31.240000000000002,-12.189999544669396,15.689468927984182,44.84221871313023
31.26,-13.098218223794095,14.617431864840363,44.728756682560444
31.28,-14.613360513926159,14.349108992853111,44.60439557506653
31.3,-15.121692979830632,12.99196545190595,44.27068602343559
31.32,-16.32073905376641,11.44186312290496,45.18028162313386
31.34,-16.688081013754278,10.56854305476489,45.10351313065212
31.36,-17.513021941446883,9.26514944750671,44.88584744224123
31.38,-18.16066623205572,7.948938899978252,45.305457120285254
31.400000000000002,-18.574091998415547,6.676310458027445,45.57689203313592
31.42,-18.93342147353202,5.292738240530679,45.194228068163504
31.44,-19.420137582892554,4.175732765079665,44.70403561915522
31.46,-20.359879665947716,2.873864979015141,44.81847069261155
31.48,-19.61031456804339,1.2757918787090503,45.04197887079424
31.5,-20.01347159829294,-0.11843247704829843,44.78238375249652
31.52,-20.089244493643914,-1.474455321184152,44.91789816871857
31.54,-19.512181743193185,-2.160104270680308,44.886236415043356
31.560000000000002,-19.71156039593939,-4.173263077051777,45.18250601335904
31.580000000000002,-19.622489121793905,-5.471225419269873,45.53490456136483
31.6,-18.75005465861233,-6.3738650436832796,44.70365243331634
31.62,-17.754163801750956,-7.538045935079855,44.63967976188966
31.64,-17.55608175755312,-9.689884239879607,44.87222666027205
31.66,-17.376248770610193,-11.218426551497734,44.900447181993016
31.68,-16.357370454745553,-11.79008495752284,45.264746234945896
31.7,-15.241723347430877,-12.920127244613635,45.292611049980124
31.720000000000002,-14.90083005179191,-14.20016580894874,44.99371111161301
31.740000000000002,-13.71889124365465,-15.015725736027797,44.95171710741915
31.76,-12.587847250987512,-15.752129543160363,44.93651694604215
31.78,-11.276095877631887,-16.739995761859696,45.58029377676119
31.8,-10.070074687610822,-17.00670384217989,44.43934712631114
31.82,-8.7251268492045,-18.227670939411418,45.36685360350837
31.84,-7.581974343126218,-18.728549233028495,44.87630445839499
31.86,-6.34544153677147,-18.806169891721932,45.52978253312375
31.88,-4.999159567823451,-18.732489521292273,45.027215213195994
31.900000000000002,-3.82168887734991,-19.982908852390544,44.86263488222863
31.92,-2.2406282990623128,-20.21778407416138,45.301528097857776
31.94,-0.7329453876792985,-19.297012558021198,44.85924462457499
31.96,0.5538690593142908,-20.412337394389237,44.93463174925356
31.98,1.9918014533499153,-20.412855372481378,44.91382681379917
32,3.8946215975561373,-19.737915460395456,45.14138010844398
32.02,4.551251568190531,-19.242641139181934,45.45599384241687
32.04,6.129910496387125,-18.927133585076614,45.08673124546133
32.06,8.081142304711046,-18.48053677783802,45.2230798228602
32.08,8.733336992595282,-17.91094385970314,45.477813040318175
32.1,9.844377375845593,-17.02630351820183,44.39309427496558
32.12,11.008421923296028,-16.668817396687054,45.41326088145408
32.14,12.389937649172133,-16.101495786805117,44.80113505690613
32.160000000000004,13.193820102345281,-14.970798924854087,45.17962270201039
32.18,13.795682414896605,-13.742127953273766,44.72666106617807
32.2,15.326891731286185,-12.992429699896178,44.74127059767942
32.22,15.969305608951064,-12.042067961061536,44.47455967897559
32.24,16.992955736040905,-10.69006832618422,44.68583107304246
32.26,17.83432933826947,-9.392780657722406,44.960827885231346
32.28,18.78003505643863,-8.61995326839407,44.251440726084
32.3,19.014935550792615,-6.5729252245764735,44.630890708547064
32.32,19.28595918819612,-5.163062653479349,45.09858039956865
32.34,19.13817217235468,-4.528092831397322,44.87946360238916
32.36,19.93336754218438,-3.226633517142878,45.10459386107085
32.38,19.917119535565906,-1.3864025855701114,44.827951304947995
32.4,20.48108318551544,-0.1995053193546354,45.274350427657474
32.42,20.18609216792687,1.6673920822114514,44.740271712933335
32.44,20.290405100063357,2.9050092563524426,44.85858547963397
32.46,19.38686554937759,3.7523872341441145,44.99101411691831
32.480000000000004,19.071911593872798,5.6570889429652995,44.62476902415211
32.5,18.921288123761556,6.434883350508376,45.13156685381773
32.52,18.220347449019002,8.025764317617254,45.37300716689928
32.54,18.213838645090288,9.48579017469448,45.48379687248587
32.56,16.28651308547229,10.565119248551007,45.02214130520942
32.58,16.001602225318337,11.57889413492904,44.87899344005509
32.6,15.420904351471677,13.23445653367185,45.197136541258274
32.62,14.677705519847706,13.570961153620011,45.24825890060663
32.64,13.424153500172133,14.590746956810202,44.62874303368929
32.660000000000004,11.739264437780284,15.937717429769926,45.03572657660592
32.68,10.941217389777888,16.123888986464877,45.63823677226582
32.7,10.142607356573183,16.94783687165826,45.35473875488108
32.72,8.785132633106159,17.934122594719806,44.843977214413286
32.74,7.289844708301627,18.349510727661958,45.13599829485944
32.76,6.561331858639433,19.29638695933501,45.413652328419175
32.78,4.396848993846382,18.99231895981547,45.00812952323235
32.8,3.2453494667797353,19.50292350131417,45.55229274083646
32.82,2.274637980426903,19.977512925872666,45.08746711940084
32.84,0.8688894834279077,20.02507127146289,44.68984063093148
32.86,-0.3130836053884947,19.85371573098831,45.591895226915305
32.88,-1.8287786051659904,19.050488459005773,45.115682151665496
32.9,-3.3219650398895446,20.55849350133168,45.235736927815566
32.92,-4.663670231952438,19.16685131176865,44.87341423084283
32.94,-6.068619804607802,19.457547509940664,44.859932749230644
32.96,-7.526710558822222,18.995252162762114,45.17715610472847
32.980000000000004,-8.653195779813972,18.14551240526507,45.11818514146079
33,-10.542529812765117,17.386341212313326,45.346458404257156
33.02,-11.008914751752487,17.110598556578697,45.46592807382673
33.04,-12.185208088482687,15.685302132988221,45.493818044483085
33.06,-13.593198329592049,14.793444612836026,45.352111139124816
33.08,-14.087359314509426,13.970904907715358,44.442514240899705
33.1,-15.446054194860347,12.619629067667429,44.56228104347027
33.12,-16.218595745690592,11.692242229720467,44.91616885218496
33.14,-16.398979287757093,10.337349664064709,45.61803515219266
33.160000000000004,-18.34604167486403,9.292676883042306,44.57897087659756
33.18,-18.39334055949998,7.999820744631309,44.56698518815316
33.2,-19.162770551111603,6.618278905690624,44.67003000834635
33.22,-19.4705864845776,5.406172869236562,44.91138473125527
33.24,-20.261031020334134,4.449688487308502,44.71021341843953
33.26,-19.77686424206492,2.71873378390935,44.793996307900876
33.28,-19.715276447493945,1.6538200833219527,45.1430985694753
33.3,-20.2453540553466,-0.5112303240884541,44.53209505319284
33.32,-20.078083984235477,-1.7009126340321217,44.720139201116474
33.34,-20.04069238142157,-2.7005843220815726,44.7156597013238
33.36,-19.748623410156476,-4.378851790092939,45.26523958080428
33.38,-19.52993023945928,-5.491732462558643,44.87603959134578
33.4,-18.799727830325526,-6.953251551899072,45.49972210989847
33.42,-18.54346873136876,-7.644063469957901,45.57616941524137
33.44,-17.806103713751384,-9.641868698394877,44.56899203932908
33.46,-17.480698129729664,-10.208543988637071,44.44964192822302
33.480000000000004,-15.981542043688986,-11.62317383129793,45.008516088546465
33.5,-15.812973549497409,-12.593794982585488,45.251303227834434
33.52,-14.457138383981855,-14.335817031902518,45.207375048762735
33.54,-13.424836598414439,-14.85087383482491,45.02892295026653
33.56,-12.106695103070356,-15.318154166153473,44.32033612975563
33.58,-10.712570372827178,-16.473777039316065,45.29267585963703
33.6,-10.445261026475274,-17.57372283773982,44.9731797285767
33.62,-8.602233628748218,-18.075331620895692,44.77148504131389
33.64,-7.592683170563352,-18.7800549014167,44.760608987361586
33.660000000000004,-6.664217188080689,-19.329710466771658,45.002525666450744
33.68,-4.606824155430433,-19.298745196378192,44.95006732960666
33.7,-3.8182994289151706,-20.09386513281449,44.791823177372905
33.72,-1.8019402521013215,-19.9019944245234,45.10323219998845
33.74,-0.5113580405527761,-20.309777569735843,44.956027829207954
33.76,0.5513624580898482,-19.57429742840773,45.038263137571526
33.78,1.6707189423102424,-19.657921409930502,45.13126678615246
33.8,3.5588047402309684,-19.608310335954137,45.451524240987645
33.82,4.784287580258835,-19.749795913273694,45.29697005688472
33.84,5.931595114437781,-18.88840411651006,45.29642749208231
33.86,7.890013804280567,-18.52835526795236,44.9991041948014
33.88,8.809163412800578,-18.25632201424509,45.06762186053705
33.9,9.992503177877925,-17.364493933161267,44.91842313064266
33.92,11.144605104338696,-16.892083916846566,45.04039640613949
33.94,12.273199754775879,-15.98717759843671,44.60446354772451
33.96,13.136359214235958,-14.577809258871214,44.99626566941964
33.980000000000004,14.203221993689121,-14.027082063818668,45.24623243782154
34,15.470743141381597,-13.081613439929749,45.19601380774762
34.02,16.31446716207933,-11.68803205723904,45.05920453343366
34.04,16.624198072883303,-10.645587891388995,45.370444686908954
34.06,17.728135083834538,-9.310180188909358,44.8395959430269
34.08,18.197837424801055,-8.08101450038832,45.26956883341435
34.1,18.865753698998592,-7.0790771918861894,44.572642988076254
34.12,19.050071396114756,-5.604039149591244,44.80493229601884
34.14,19.745179444221407,-4.359474328173794,45.20153881199152
34.160000000000004,19.630448185689982,-3.1481384487284556,44.78134441021579
34.18,20.21219815246935,-0.5774591403805616,45.42103331779122
34.2,19.826172898875114,-0.2857064444532343,44.81592570748177
34.22,20.414727836998203,0.9790902433075804,45.589831875197355
34.24,19.566620200093343,2.5363951409676613,45.26107234737128
34.26,19.1500952437746,3.8051669489354922,45.41411162774249
34.28,19.438373783986098,5.638255404001625,45.514333513874256
34.300000000000004,18.520443853597005,6.112378417101555,45.054668417637835
34.32,18.301694580460705,8.307039679143896,44.81753082504049
34.34,17.53897655921161,8.998119625549691,45.03368973553188
34.36,16.985420036424365,10.708923728003542,44.96479093173588
34.38,16.22419742006977,11.35361944255553,45.14821417570335
34.4,15.808787873419956,12.770961356220855,44.44410610648308
34.42,14.526369346347337,14.033333315770177,45.1197326714209
34.44,13.917822362069607,14.328547692891968,45.29312928376941
34.46,12.494281445446504,15.537674785163274,44.69933881382668
34.480000000000004,11.275085433900669,16.336018235493984,44.695495910986445
34.5,10.202515135636336,17.30367140277236,44.7237416863586
34.52,8.657165802144881,18.49315592540287,45.207695046672605
34.54,7.728503278072196,17.88489713277591,45.48134342322134
34.56,5.835913982780527,19.05866277615446,44.8669932510559
34.58,4.949986513176167,19.21241432967178,45.76217179599176
34.6,3.276147682770382,19.54906898398666,44.67355247238126
34.62,1.9943500616492478,19.76467418989206,45.19595298591468
34.64,0.5441237387021847,20.048418619273175,44.404895180895124
34.660000000000004,-0.8417956141543906,20.064445540200836,45.01699931179656
34.68,-2.1100081665553434,19.467011767677093,44.95585800913115
34.7,-3.520243732271932,19.519505600160198,45.04230050758066
34.72,-4.433563564730462,19.05920797785385,45.007096119350464
34.74,-6.231360726592576,18.86237358303326,44.662682238365406
34.76,-7.6458589889567135,18.658274150241752,44.97238931064985
34.78,-8.549379991290834,17.696863615393667,45.29185171397928
34.800000000000004,-9.858747085719079,17.29776672709543,45.24517670807124
34.82,-11.435791215975753,16.606362693840573,45.14336359409382
34.84,-11.788804721539769,15.66197145869451,44.954562425648255
34.86,-13.856101029171722,14.847829220044314,45.30726978379683
34.88,-14.209273426538992,14.095404395127138,45.08745093365598
34.9,-15.119288505079325,12.774888300229538,44.9385269185841
34.92,-16.371231744416885,12.374523269059125,45.19522409093697
34.94,-16.139480963028245,10.672824100839081,45.240032315455636
34.96,-17.97056060190905,9.514324172436709,45.46257040104917
34.980000000000004,-18.364561690544605,7.985454536828167,44.92954117353478
35,-19.175519561432868,6.887274667892717,45.26126234724773
35.02,-18.94378238599119,5.501283205704376,44.65763931358731
35.04,-19.9836883342169,4.380346330856915,44.83891587293743
35.06,-19.32591815721805,2.420956248058086,45.12359094979452
35.08,-20.189022806723564,1.3558552433287399,45.017975756970905
35.1,-19.878879717181732,-0.15847668833853185,45.149162280684436
35.12,-19.916834634233556,-1.0796692852406988,45.20728582719968
35.14,-19.23623612070332,-2.2928637379506087,44.95106773794394
35.160000000000004,-19.739936466826695,-5.04724142828046,45.585916559283994
35.18,-19.151792354134045,-5.491552817564012,45.12270268461582
35.2,-18.77243217594219,-6.84856538940206,44.931476686480394
35.22,-18.172707924685117,-8.260781278313024,45.0411233471855
35.24,-17.725025683862356,-9.653881732148813,44.73269270108828
35.26,-17.09244068126293,-10.539667113857433,44.97819352287099
35.28,-16.448021480283355,-11.667605183651052,44.932891083642964
35.300000000000004,-15.205727877068192,-12.869827300437233,44.99079420038366
35.32,-14.405570914859943,-13.604799602566937,45.59887003738149
35.34,-13.576366097023893,-14.574663817946737,45.106025720753124
35.36,-12.241567510261843,-15.798818012575236,45.12905957079103
35.38,-11.140272660680058,-16.210517077908115,45.187695737172575
35.4,-9.718420230761359,-17.218158255299198,45.06579024316353
35.42,-8.507599721651536,-17.726144624640114,44.94084241943541
35.44,-7.423358609031344,-18.777532460269725,45.38828840129759
35.46,-5.857459595018379,-18.789463241001744,44.885474256091285
35.480000000000004,-4.524614241985312,-19.060000249550644,45.02154733908045
35.5,-3.2217227253335334,-19.901386396106446,45.38328191369973
35.52,-2.459741207875616,-20.3223311726917,44.71541075024412
35.54,-0.43301413139438716,-19.511393439307767,45.43828813517029
35.56,0.43750173602319087,-19.882028244024358,44.7897862539556
35.58,1.8328027175339943,-20.21876076955063,45.12514099690724
35.6,3.1047622538954793,-19.337161131626548,44.97025837097484
35.62,4.4836628745652805,-19.695251481602323,45.15979148399301
35.64,6.362546173313094,-18.757890300993814,44.642050531942196
35.660000000000004,6.948391004738656,-18.720324662842593,45.231131860173114
35.68,8.884437922412076,-18.40047273068947,45.01818683359597
35.7,10.03347066335277,-17.279689366323552,45.5531293342936
35.72,10.661337666219,-17.08574391513505,45.10248425609851
35.74,12.243968194745491,-16.43181444466995,45.160006664302315
35.76,13.212427580004517,-14.481067519353637,45.38981576422947
35.78,14.782949720982693,-13.99823333435061,45.15427455020944
35.800000000000004,15.546504895116595,-13.001912480615681,44.91820223461968
35.82,16.009174487078838,-11.837286304205753,45.138454594914045
35.84,16.50796268781285,-10.031603152032858,45.05842059754417
35.86,17.12514501032791,-9.50871701561952,44.729607631708944
35.88,18.084916885544768,-7.75112109250978,45.19570566687716
35.9,18.95831100340702,-7.290437947552637,44.951118417407315
35.92,19.29062043554422,-5.922559386857121,45.261444447483704
35.94,20.122256555653436,-4.147944073450552,45.034692385282675
35.96,19.67073250365968,-2.1105593198246364,45.0580095930327
35.980000000000004,19.878206323374688,-1.0882148978798873,44.39457071592391
36,20.412552442394386,-0.10199602496697521,45.1427249222211
36.02,19.9275633275111,1.5479693875872376,45.11198581821203
36.04,19.656690209033293,2.565419833888655,44.49329589304074
36.06,19.153710303073193,3.7939250210619937,44.7392818354655
36.08,19.58423683506834,5.258495427632437,44.6603405815495
36.1,18.67623717263721,6.898762481356138,45.06638708746357
36.12,17.79644243649368,7.604641999817391,45.097184542349034
36.14,18.264798821421028,9.581957724237377,44.53120979660635
36.160000000000004,16.5721292859721,11.338691094057218,44.98214621032416
36.18,15.99760002066491,11.59437012551792,45.24849461834167
36.2,15.567598726452335,13.182778214361308,44.57306745433385
36.22,14.745245092342897,14.255197964033355,45.19124700644657
36.24,12.932463158814343,14.905992953999826,45.3800115506531
36.26,12.551330061467864,15.985223747635319,44.64773455121699
36.28,11.142014216774948,16.929650055350404,44.71485555586254
36.300000000000004,9.934782674225355,17.47163401579652,44.5704619438446
36.32,9.006176866494643,17.917404665583597,45.16343134627675
36.34,7.933923895769815,18.679350982133155,44.923158078070244
36.36,6.272161737750422,19.33098320525439,44.884595074982414
36.38,4.977750567100811,19.65669065405747,44.78410987114459
36.4,3.32222158380872,20.09670987708303,44.944776577578764
36.42,2.4999235956826915,19.561181816602442,44.76352202449401
36.44,0.9254256433457607,19.75025376051976,44.94716066528177
36.46,-1.0702800343552523,20.027705336494538,44.714396744252646
36.480000000000004,-1.6017862315417795,19.925650843938644,45.257227791061894
36.5,-3.543843199360266,19.482635427244286,45.25392043722691
36.52,-4.781706232925715,18.724334735728974,44.560483429341964
36.54,-6.2476342672522795,19.312624961147684,44.96929113824255
36.56,-7.310208900443536,18.25105581664173,45.25755035039962
36.58,-8.88830685429439,17.814969102924753,45.24580625437665
36.6,-9.982051632242685,17.187549659604933,45.1357203902526
36.62,-11.390937382229799,16.69572745927143,45.00692446270169
36.64,-12.199125756702212,15.493463742282705,44.493219155470605
36.660000000000004,-13.673457231242157,15.368697899141187,44.83390775784211
36.68,-14.51535406586899,13.220348328909278,45.144668864441215
36.7,-15.044762238550017,13.1672588530195,44.90565374480059
36.72,-16.483487107562617,11.617351153209555,44.55301313773809
36.74,-16.13540460529945,10.176809370615302,45.51350027835072
36.76,-17.457522308990434,9.701200665756769,44.73765358488941
36.78,-18.049084377035967,8.20979259871784,44.854633852107455
36.800000000000004,-18.687180657221344,7.291029990010166,44.6329786175565
36.82,-19.054758188262156,5.987532735294184,44.468415159390894
36.84,-19.57186177872458,4.471985348643287,44.982645584233325
36.86,-19.983970940247954,3.063459049204515,45.07613675859209
36.88,-20.024659386673928,1.5399560456532684,44.56873060578468
36.9,-20.120571401243172,-0.5365971847507213,45.22049434648389
36.92,-19.54002304425096,-1.1610596649603613,45.37793669584954
36.94,-19.683379654997417,-2.621455400249997,44.75032331498862
36.96,-19.06787753798444,-4.09907917971267,45.11505171720929
36.980000000000004,-19.67499801075417,-5.083184312226447,45.09610322496716
37,-18.63086887689961,-6.865006991118169,45.249493377212204
37.02,-17.85995488587929,-8.136680290157438,45.19768564683688
37.04,-17.81796546514265,-9.934485740752711,45.33383420940519
37.06,-17.185959284945884,-10.469390776257281,44.11583508958142
37.08,-16.116753724060587,-11.629750959891618,45.26847309855344
37.1,-15.188092142489747,-13.037212322246528,45.50726574612381
37.12,-13.703165442106963,-13.645822819954441,44.683997289359304
37.14,-13.184405246456318,-14.441393848106484,45.52552776977014
37.160000000000004,-12.780527227079954,-16.19211727380375,44.95442246170091
37.18,-11.53310548811428,-17.145624549345207,44.69294203775541
37.2,-10.122084242473491,-17.037801030611618,44.71884097854493
37.22,-9.184160736124902,-17.508447732504653,44.75479542108857
37.24,-7.612921251616517,-18.53083531561509,45.229852919250916
37.26,-6.714874532623397,-18.78191617018976,45.14756442307199
37.28,-4.835223500841155,-19.353865508642958,44.879160966709115
37.300000000000004,-3.5562369721170604,-19.843958846969787,45.422142803087034
37.32,-2.1129101716169845,-19.9218359294549,44.9155793156387
37.34,-0.49051712618927124,-20.499989629180043,44.49360612601502
37.36,0.8105886107657312,-19.253760950680384,44.811366314632146
37.38,2.3062532842095775,-20.18292478686785,44.88850768870393
37.4,3.4915260968751247,-19.768261631742714,45.326699820636826
37.42,4.951658371196329,-19.779204968395312,45.0847808939115
37.44,6.0528720667043725,-18.857587806749862,45.056765215985564
37.46,7.235661186991832,-18.100981253655508,44.92538488547506
37.480000000000004,9.092990397848402,-17.540836274666944,45.24206394999601
37.5,9.664125039338265,-17.24199488667999,44.79115731839652
37.52,11.861239072043483,-17.24981266409361,45.18907827657607
37.54,12.681001625260626,-15.90009941788401,45.178498856852706
37.56,13.465602748563082,-14.786762958827884,44.870933362465024
37.58,14.759656282483014,-13.55873613131502,45.43845332925549
37.6,15.57347450870763,-12.44238516471353,44.707817973927604
37.62,16.277990738795495,-11.65359081201699,45.126452387142514
37.64,16.89388639284888,-10.511987037641322,45.07756038983691
37.660000000000004,17.6481887252982,-9.5450713148464,44.798755581101766
37.68,18.129158369159654,-8.399017509617574,45.20452135671536
37.7,19.121351261544767,-6.688569251234513,44.93641048198173
37.72,19.31734819929105,-5.627726272933511,45.43836558066155
37.74,19.581177129836338,-4.260551141700064,44.37228794988744
37.76,19.82469595710863,-2.7968642993807955,45.45409498963658
37.78,20.45164732856156,-1.5271712831139,44.844521260747335
37.800000000000004,19.170368989896282,0.19594358896770084,44.54708513065433
37.82,20.18587146782938,1.3120150756204019,44.87461738967184
37.84,19.40109748595615,2.8664370769475256,44.77787067958327
37.86,19.266963060867088,4.398808668017413,44.57929349652039
37.88,19.06623553485244,5.612244708470055,45.235241427930426
37.9,18.86426329239282,6.5411952450982165,45.29630789559706
37.92,18.288385015099916,7.898200217178348,45.007452631907256
37.94,18.006950199454664,9.223276825741136,45.24715752100399
37.96,16.311239545805382,10.29471454179405,44.76832965465334
37.980000000000004,16.37088454524664,11.934151786714866,44.9407604907735
38,15.136530935266093,12.283650686377797,45.40777366175215
38.02,14.235284631952473,14.651759328245518,45.12442584719299
38.04,13.520743639460195,14.39462778679385,45.0734636872542
38.06,11.89694670987883,15.780667597869032,44.95731737922939
38.08,10.781229926948837,17.142105685246836,44.760583579977734
38.1,9.805702047170291,17.523557456006124,45.23100210996118
38.12,8.464031457927387,18.193804906901086,45.06101741037051
38.14,7.655933083893293,18.156653856591586,45.14015381234672
38.160000000000004,5.750831889710046,18.974183636518198,44.877050128087326
38.18,4.666705191957254,19.630275685301807,45.55138131158991
38.2,3.43693174550463,19.267434332552686,45.275503769305494
38.22,1.9888678043834938,20.25484341461722,44.94859711450523
38.24,0.5877720206282855,20.14314308989722,45.515391494201914
38.26,-0.2806230567981099,19.96285363457012,45.0538347435222
38.28,-1.916965467683192,20.132130758555487,45.252291531661974
38.300000000000004,-3.4405211390727612,19.897390252744145,44.5938014247121
38.32,-4.791250411946763,19.859497142714527,44.83524719948387
38.34,-5.956639959827163,18.889625892645327,44.70974266121624
38.36,-7.6422453314123855,18.18045833340751,45.320481578495816
38.38,-9.11476652329662,18.284934722717992,45.23099622888332
38.4,-9.728456138972662,17.18102994700224,45.33826722810011
38.42,-11.172879005311199,17.14558161292318,45.39611139977447
38.44,-12.41738019916419,15.570096489581095,44.9471273951907
38.46,-13.612648826240726,15.108144097568236,44.83044049163087
38.480000000000004,-14.087981118900682,13.66438793500479,44.73054887108108
38.5,-15.013235038867812,12.817799853164399,44.877198053072924
38.52,-15.850451766338995,12.009692867954985,45.07960828125583
38.54,-16.966390724218467,10.507430745490879,44.99502967350785
38.56,-17.46087566152022,9.371445803486537,44.809871797014075
38.58,-18.297234298047176,8.07059158733091,44.798338534244536
38.6,-18.43915486863787,6.740645554144102,44.81909357139258
38.62,-19.195070791840877,5.409313322635184,45.03593610499659
38.64,-18.809996196454485,4.370340794338136,44.751429746189
38.660000000000004,-19.448686729277014,2.2798843761948664,45.25213057220027
38.68,-20.2120806771187,0.6438774622648169,44.514111815159666
38.7,-19.548074388075815,0.12207387553027725,45.25608109582155
38.72,-19.974857497328607,-1.475719342942089,44.986336766412705
38.74,-19.436403340781016,-2.6842251729788256,45.05256912118582
38.76,-19.665260992705146,-4.483165218043575,44.76518007980638
38.78,-18.772136161891044,-5.517806962908047,44.55983000733852
38.800000000000004,-19.128040335280172,-6.850138459766832,45.48530371350538
38.82,-18.106500800300047,-8.275201309570877,44.82780022880894
38.84,-17.28279756896866,-9.639586088633317,44.520952617196805
38.86,-17.036606477484344,-10.60180332397195,44.806488324366875
38.88,-16.31630350246793,-11.914256870581681,44.959878506886284
38.9,-14.840857338735004,-13.05563820842043,45.162404875964455
38.92,-14.135459970153969,-13.72874519993865,45.24039700368893
38.94,-13.220878106931222,-14.938376853245224,45.07704451979001
38.96,-11.764103032990851,-15.885528490689037,44.889711540425125
38.980000000000004,-11.236072250515853,-16.68186953867482,44.913850314521
39,-9.346096572357448,-17.387593710272803,44.69388801853025
39.02,-8.734464086107135,-18.476721356045438,45.202071599632696
39.04,-7.346510903153361,-18.083756147257912,44.84978073880082
39.06,-6.2851365421187335,-19.313388774405094,45.352028446134725
39.08,-4.882382637494052,-19.83087175188449,44.310266405934335
39.1,-2.898570210737701,-20.240505217952546,44.216196595230564
39.12,-2.073765052409935,-20.051883343836362,44.80106668122002
39.14,-1.2824728601804398,-19.432387858654206,45.1384347370686
39.160000000000004,0.44322897829253316,-20.350531613323454,45.00580824493688
39.18,1.9450491312494165,-19.535364131193667,45.08538955087847
39.2,3.21105424778576,-19.90392715256511,44.860485985448236
39.22,5.007690969707696,-19.56497140103414,45.082037796368034
39.24,6.0081302419564535,-18.977257206928098,45.369823279227745
39.26,7.599215301254907,-18.355555502579428,44.64021714824626
39.28,8.166440984289078,-17.598138162517404,44.707074045951195
39.300000000000004,10.593135401054099,-17.28363446537606,45.158888593269545
39.32,10.993634439879601,-16.71124733127144,45.23863121458775
39.34,11.88618639332389,-15.963028506249854,44.866374645659185
39.36,13.46401219366983,-15.725896679798524,45.73619855991555
39.38,13.510557939411985,-14.231021774612882,45.36058170512281
39.4,15.666319106392061,-12.844076027339577,45.354738620015475
39.42,16.778239245305098,-11.488429583017126,45.13803873872549
39.44,16.390481339225925,-10.379413133678108,44.806797245436016
39.46,17.6239516128097,-9.141223997729353,45.08283359573301
39.480000000000004,18.259660126988155,-8.058829022433159,44.88739121647565
39.5,18.930871501750573,-6.6772732491013205,45.08860732447143
39.52,19.684748375033323,-5.46356923770418,45.19040587135332
39.54,19.437053715591382,-3.9740664440463265,44.59133368045085
39.56,20.33748405556795,-2.5744768225180032,44.864356285085535
39.58,19.806120754484866,-1.5295046896185622,44.944999538312665
39.6,20.025314136558315,0.11130752044582069,44.780162999784295
39.62,19.78829665921477,0.9603947894358789,45.089121654244316
39.64,20.09355656150155,3.0822592320092617,44.827145796816296
39.660000000000004,19.32676289978799,3.909095142962991,45.042734931422345
39.68,19.15372137240475,5.244556764230536,45.15833334188333
39.7,17.906247475641788,6.432902380598866,45.16648624375943
39.72,18.02255299688025,8.79332532504192,45.25168461851141
39.74,17.418856895321973,9.75757877522176,45.30101352943098
39.76,16.412843870125425,11.167252337447454,44.78358164695399
39.78,15.790313004442298,11.440417875975593,44.72529098798841
39.800000000000004,15.406179690134186,12.722286719734536,45.26322421204494
39.82,14.734394276010063,13.531656093858784,44.64834693982657
39.84,12.924255175709972,14.636430302744449,45.56433078522442
39.86,12.292316834145856,15.246785058419423,45.35299242197289
39.88,11.40006591576725,16.97822910577376,45.27489326919891
39.9,10.022085476266401,16.226580466602154,44.97863908737598
39.92,8.790223398242862,18.16949666511973,44.58884532462011
39.94,7.597937943782958,18.03094921628654,44.802931032204
39.96,6.040957184356754,18.814046875629195,45.0640297130997
39.980000000000004,4.418472127322206,19.77543311009265,44.80436782832411
40,3.2209437151084077,19.87119174455471,45.26746733531038
40.02,2.0786770046713627,20.207690063225062,44.80127178019691
40.04,0.6807015538309924,19.974245679350506,44.79737417249023
40.06,-0.6800598479053626,20.11299841743779,44.59026426024358
40.08,-2.2186620740011502,20.13198622559259,44.426274434605794
40.1,-3.038403954438207,19.654927758535653,45.218612062102785
40.12,-4.651674416062917,19.56969673936948,45.15855862308207
40.14,-6.740607852014841,19.34772538689119,44.754667041061275
40.160000000000004,-7.772092293639285,18.650881152781842,44.53085227668456
40.18,-8.219037439465161,17.773014854444853,44.743574133964536
40.2,-10.241347940205936,17.618013577465533,44.74019628305054
40.22,-11.244317980929527,16.366042722571873,45.220743235225406
40.24,-12.696528343820148,15.371401698335925,45.03936950063894
40.26,-13.80586224750379,14.802924577386875,44.73886395851132
40.28,-14.60289643203585,13.737344037856188,44.76507109986841
40.300000000000004,-15.47432810650789,13.00951792768904,44.7202374586574
40.32,-15.745964713949466,11.701587960493734,45.14883593120192
40.34,-16.804489507308965,10.936051882289133,44.95468223627224
40.36,-18.05085074173742,9.014789201198365,45.0163990667434
40.38,-17.887794948268304,8.317868784649665,45.09490067101397
40.4,-18.52042592813954,6.975474076829548,44.963739537571776
40.42,-19.644199556277773,6.349376255497853,44.89343591391169
40.44,-19.61627942181553,4.217379786578629,44.92675716685704
40.46,-19.803973955435218,3.397880316999525,45.511811969896286
40.480000000000004,-20.189100670830168,1.5648546088741466,44.620944480018885
40.5,-20.015193313838207,-0.0478282937085017,45.125880710277144
40.52,-20.053378722436122,-1.2150381859660446,45.05547392853543
40.54,-19.706451684339857,-3.0832095103762795,45.03285652685258
40.56,-20.103389336777973,-3.738968167792814,44.330144561465346
40.58,-19.73545739790187,-5.586534156306138,44.7799247533132
40.6,-19.147847000062722,-7.338903918404641,45.23717341658519
40.62,-18.207625348210517,-7.8829909056466265,45.378051947692384
40.64,-17.535781958622596,-9.391873375393276,45.40949932946226
40.660000000000004,-16.598219021426363,-10.532643020398485,45.052323877274624
40.68,-16.710889029207664,-11.874297123527793,44.70614478251986
40.7,-15.225443112248128,-12.618552174930834,44.731674405119946
40.72,-14.200423843196019,-13.981709909195114,44.7204401789222
40.74,-13.084036123274995,-14.604860403934996,45.22588089441505
40.76,-12.044688346229988,-15.839509782550321,44.720735610848756
40.78,-10.941412390426116,-16.823098434913607,45.27916679242022
40.800000000000004,-10.129607554375147,-17.340375423906305,44.921776326241435
40.82,-8.991155497211965,-18.175911250503255,45.04171804874102
40.84,-7.405847880289631,-18.84743766683605,44.93541983067535
40.86,-5.840414144369884,-19.054574458398395,44.90821709736853
40.88,-4.931598419785582,-19.602641229359197,44.58657923728305
40.9,-3.414482641610746,-19.499850643967495,45.26937986054637
40.92,-2.1307784832003267,-19.961051599758132,45.58745213190726
40.94,-0.3096179477898772,-19.465011479920086,44.65011298048916
40.96,1.2096704938774825,-19.70251480367682,44.94757241139365
40.980000000000004,2.0247948769114044,-19.766599697578556,44.68113792037339
41,3.4110457424735436,-19.797717011934992,44.81794269569771
41.02,4.7298716718980565,-19.362326224002093,44.819106872203776
41.04,6.20235233020293,-18.95561628648944,45.571014507060745
41.06,7.518672708992845,-18.35128411365549,45.38894833717256
41.08,8.859671532487708,-18.43184890993209,44.96554441892502
41.1,10.10515549605241,-17.773428093057532,44.868508876058804
41.12,11.500564182706308,-16.57276942623165,45.11563019086998
41.14,12.239785209222486,-15.469624699515974,45.29477353803542
41.160000000000004,13.810372153769016,-14.407384581259699,45.11687887650898
41.18,14.52885080405986,-14.158463345492251,45.381594786062884
41.2,15.88507106647746,-12.564631897457625,44.972359090367696
41.22,16.46846264956522,-12.192327323646914,45.11485176100173
41.24,16.918593025962526,-10.807843828766323,45.42031917754877
41.26,17.784727881271646,-9.224286861279037,45.59701361299312
41.28,18.700866714528225,-8.476251664039657,44.9157704211361
41.300000000000004,18.944015526356267,-6.604615035846222,44.71545109257355
41.32,19.084740766283744,-5.5208876700773954,45.03114673696348
41.34,19.33528616305346,-3.816958191339736,44.910054641590044
41.36,19.61837219559296,-3.0777678455015005,44.779014162906904
41.38,20.40409279830342,-1.430496345239723,45.155300425152156
41.4,19.749123376964892,-0.18244547435798938,44.78527937756607
41.42,19.93343493400481,1.8046076298288998,45.09108848878972
41.44,20.057878865604753,2.6013597435390494,44.388869977618256
41.46,19.557907155680656,4.163952723151223,45.02947090463264
41.480000000000004,18.768246404570228,5.970193965036078,44.828312403175964
41.5,18.597572128465355,6.627553702111555,44.845641893968775
41.52,18.184814055427836,8.22790687935134,44.77670556832076
41.54,17.950867856961114,9.499583879359944,45.05487133140876
41.56,17.07273843973635,10.49619459234372,44.73287668508586
41.58,15.23060402327359,11.392678410484857,44.604884416683205
41.6,15.053683044236362,12.747294177733721,45.305188639686214
41.62,15.114562493122383,13.47532984239178,44.41070681618308
41.64,13.359471006722089,14.677203407402002,44.56791015235899
41.660000000000004,12.25441374879171,15.379647648981557,45.47842976437914
41.68,11.08840943241694,16.601798003433586,45.327837468783905
41.7,10.926433318213375,16.941310611727005,45.027036230835655
41.72,9.127479845791173,17.65141319268478,45.22096503208059
41.74,7.593428950956827,18.357108440848346,45.11766488713051
41.76,5.9436089041853295,19.43242087305805,45.229594866052246
41.78,4.836436004192575,19.797219636597728,45.11670378358476
41.800000000000004,3.768745291040376,19.46570422715617,45.32520377879453
41.82,2.2057599835343087,20.60215989821539,45.54626602229036
41.84,0.7758710939700248,19.671538845141168,45.06606010825068
41.86,-0.2603948898202789,20.38040076990713,45.32341665130505
41.88,-1.8519799898979905,19.46122909395395,45.32089360726862
41.9,-3.882439912038957,19.188980344230654,45.400183841452616
41.92,-4.603186553801277,19.576407679540576,45.24679422942642
41.94,-6.253328757387888,18.999376921758493,44.41648655484561
41.96,-7.852192104034669,18.449936570691715,45.030765243993415
41.980000000000004,-8.590916006788389,17.668838550326154,44.74530631127234
42,-10.295123665539371,17.63565274199877,44.85274103021459
42.02,-11.298941762498979,16.45603822064892,45.069953207856074
42.04,-12.463142208576993,15.399457902503137,45.229822532026574
42.06,-13.60407103942543,14.873709981178267,46.06056183063641
42.08,-13.861199436161415,13.668122276932662,45.09110893811182
42.1,-15.140552561928088,12.844001209612937,45.283716451630895
42.12,-16.11565328298069,11.7485056921484,44.900667603808216
42.14,-16.813957237520906,10.858416674776503,44.905166968275495
42.160000000000004,-17.53306617817108,9.305203464342723,45.03106373787467
42.18,-18.084913319669006,7.7727369048148915,44.908345638314394
42.2,-18.86770368548582,6.723287223830637,45.05111250109031
42.22,-18.915296953644127,5.142500535092319,44.422158618039425
42.24,-19.37534906153928,4.181956637596121,45.392166697198235
42.26,-19.8039678313781,2.90881994365005,44.40201806910993
42.28,-19.453710325826663,1.434078448876177,44.80612472422162
42.300000000000004,-19.739383276563558,-0.11334753403468238,45.19338990540499
42.32,-19.230532441721646,-1.2616440738389825,45.161411414524906
42.34,-19.42700744701342,-3.2970148675930218,44.83186891195613
42.36,-19.533849129369084,-4.244821707587896,44.67294183277434
42.38,-19.22395299401347,-5.212977023761937,45.37697129942318
42.4,-18.494523451660005,-7.154702363574133,45.261788362079386
42.42,-18.591944352507088,-7.889706004427029,45.516281689127204
42.44,-18.09713302189809,-9.423566341710263,45.093189163899794
42.46,-17.199760160648054,-10.299327666956035,44.30189669895123
42.480000000000004,-16.366685573800204,-11.709845981232716,45.16673550484616
42.5,-15.033307576022185,-12.716386822670833,44.751848869595825
42.52,-14.274329216640849,-13.535371261641178,44.925188425035024
42.54,-12.938869132616643,-15.03340103491199,44.95185114748163
42.56,-12.312572880112818,-15.715141036271264,45.06423445828606
42.58,-11.400101314303903,-16.289392924123444,44.98433580567071
42.6,-10.240423887557588,-17.45469571212025,44.96639126109667
42.62,-9.124631714570983,-18.015744640005916,45.207075131255515
42.64,-7.496420557166312,-18.270100072077366,45.31782636520977
42.660000000000004,-5.834865627281572,-19.014610620268577,44.597879575479936
42.68,-5.472806050618429,-19.34084529403631,45.12522380218331
42.7,-3.710991617129164,-19.520269427211797,44.98262295534096
42.72,-1.825272549759676,-19.80739292567755,44.502889097321955
42.74,-0.8022129851376634,-19.627409097402627,44.536235763452666
42.76,0.24062169118769433,-19.826976142258527,45.43524351961702
42.78,2.2264228397944152,-19.22577874173184,45.095520928632816
42.800000000000004,3.352314520519162,-19.92685793074707,45.0526765206769
42.82,5.155157944375839,-19.07511514113053,44.59290298654777
42.84,6.082863006990383,-18.795515118516647,44.67201806184715
42.86,8.035674846466751,-18.955454382516255,44.71617729331118
42.88,8.656407497476447,-17.773425132680163,45.593483940974664
42.9,9.89382327708837,-17.223962710725104,44.73226081260423
42.92,11.724578914067022,-16.70778677153068,44.80651903482101
42.94,12.118530842131648,-16.047822065317362,44.76088730045593
42.96,13.823825750995763,-15.244664593578358,45.01492700417582
42.980000000000004,13.7915485154222,-13.759623796400412,44.797928942607484
43,15.222275528463056,-12.981265318796252,44.85210347791119
43.02,15.990538275642562,-11.576977973313408,44.855656474746674
43.04,17.021791250026368,-10.93331085560461,44.95091184391664
43.06,18.080837506756,-9.457060985884665,45.11108110659613
43.08,18.507267124674872,-8.305660747311611,45.21186731286327
43.1,18.631167142812302,-6.634924679088265,44.66702878048951
43.12,19.361079248867636,-6.209322752821414,45.293746523621614
43.14,19.81710755888204,-3.5332538446834616,45.266628279068875
43.160000000000004,19.734574475292177,-2.1729287561512716,44.89430334016238
43.18,20.082320943246383,-1.5927884043311327,45.15558712679427
43.2,19.915271061804468,0.17065295483401763,44.83190282762575
43.22,20.095742244368058,1.5382443812001052,44.875968901105935
43.24,20.174878556131066,3.1446998972139575,44.24975415681523
43.26,18.91642698446273,4.306452258402145,44.671158651215
43.28,18.679009067842177,5.37203725362838,44.64806622756193
43.300000000000004,18.79199401762842,7.48549761038595,45.094749446701194
43.32,18.40092569974008,7.671525351972997,45.19331215678238
43.34,17.764682907800843,9.145122164858448,44.74076880105478
43.36,16.99179401374631,10.222952342688437,44.98041481167126
43.38,16.443869100984816,11.861442042935161,44.82381167551517
43.4,15.523458083995411,13.122586435715586,44.57266015177204
43.42,14.37524715203167,13.771377412506945,45.064930269890965
43.44,12.868598469914588,14.414855028720455,44.66969755168213
43.46,12.33531089844835,15.652155729757128,44.73952021242733
43.480000000000004,11.009536202526423,16.654153694076456,44.61722567054784
43.5,9.776903410641701,17.70865875180616,44.97156099168524
43.52,9.023649734566233,18.75076256691814,44.87217126859722
43.54,7.041046211945795,18.912287994242753,45.464012794055414
43.56,6.745073301765746,18.9509074991083,45.07248490009161
43.58,4.766458658070265,19.731617482354043,45.13547252605338
43.6,3.4195980341141103,19.644155687807316,45.04994946211248
43.62,1.6409634097238168,20.00334721732558,45.04911582004602
43.64,1.1241521330906123,19.868166196879415,45.41034842644441
43.660000000000004,-1.066621253053857,20.519564068329878,44.997082681051296
43.68,-1.9051336617764245,19.774967878896486,44.75418652192944
43.7,-3.391041407056758,19.848792966546572,45.24506540682686
43.72,-4.984758197141097,19.104968608541746,45.02991203657918
43.74,-6.444556258257725,19.00660414451052,45.52785277366961
43.76,-7.415263440821987,18.45099144677828,44.97391072067703
43.78,-8.633643126892787,17.824424443848713,46.02391788499475
43.800000000000004,-10.188965289066452,18.26135967944817,45.02822374033349
43.82,-10.54277475967768,16.5465435807399,44.96228662617817
43.84,-12.382985229432816,15.4794573975942,44.888087516200876
43.86,-13.14814468453763,14.883223993319945,45.02474807996163
43.88,-14.750389700038744,14.300414209226515,44.74888230680512
43.9,-15.417241252860546,12.601269350051282,45.24127480065905
43.92,-16.332401723563166,11.351508476150988,45.18342015066455
43.94,-16.86910469268936,11.0959376652875,45.099881296521154
43.96,-17.660501477704138,9.32473666593334,45.453111824977285
43.980000000000004,-18.419321935456207,8.168569839043112,44.74242378728185
44,-18.715496828196805,6.695040438974784,44.998155785313294
44.02,-18.956895946450672,5.209244238964093,44.96109299101131
44.04,-19.4758926797417,3.618358419404706,45.17917939885862
44.06,-20.43742144337616,2.9253173896304703,44.80896646870947
44.08,-20.370008140130896,1.118949756273756,45.517050200846114
44.1,-19.817073360150076,0.16997293243376216,44.69563266917856
44.12,-19.65506463836832,-1.1791583143909212,44.794408067241925
44.14,-19.933484790476225,-2.5373225550186747,45.19678123484193
44.160000000000004,-19.476443185902575,-4.050296378350134,45.273718509219506
44.18,-19.047101067370583,-5.508313502054576,45.161241025856626
44.2,-18.560122219845585,-6.816552400460474,44.74238353593576
44.22,-17.919901435462062,-8.362472609877061,44.899371443214946
44.24,-17.613413650203746,-9.16094807569962,44.97254406596211
44.26,-17.03641690554367,-10.87122695079402,45.023256390290506
44.28,-16.3958726735495,-11.554864439051169,44.894760302392605
44.300000000000004,-15.513126906863096,-13.005201322875477,45.28712771981868
44.32,-14.513196399422355,-13.732229764210407,45.26199842414219
44.34,-13.514710726412998,-14.887622295011296,44.7304864309883
44.36,-12.447689251083123,-15.758858624818378,45.1351241043903
44.38,-10.927311957040713,-16.755504971530137,45.06004958953101
44.4,-10.418780039080456,-17.059513735168796,44.37045673489146
44.42,-8.606587577227023,-17.185739046011108,44.630063681164934
44.44,-7.57507621686079,-18.59491712918214,44.68496080780869
44.46,-5.715478298942846,-18.392950126094025,45.528145465446556
44.480000000000004,-5.143494861741839,-19.20556015005714,45.12992815525546
44.5,-3.270982279978102,-19.442428022042257,45.176524787576795
44.52,-2.4436200561701646,-20.18646002879748,44.70179639773944
44.54,-0.8896798487378528,-19.90094951300515,45.337496202616784
44.56,1.4398003931446377,-19.90767517487378,45.410921659957644
44.58,2.008999663714528,-20.059426169998222,44.963791110050394
44.6,3.3813379958057355,-19.41225054858069,44.8603484388703
44.62,4.949110879384636,-19.287708251597667,44.56217582711257
44.64,6.813194411490027,-19.33210565458982,44.73377407352426
44.660000000000004,8.054211664568486,-18.468511013653224,45.69277795318471
44.68,8.346561517570695,-18.00846524413204,44.5008310232898
44.7,10.349140613471524,-17.525745395570937,45.27764494547765
44.72,10.59113486063056,-16.862642658230197,44.45030239816194
44.74,13.062884070300205,-15.965970180527444,44.255129712171836
44.76,13.531668193671754,-14.736993393012947,45.035343070831914
44.78,14.555811601375554,-14.15783203117875,45.04665328146213
44.800000000000004,15.520035026571865,-13.113595027695819,45.13876185618873
44.82,15.979608369936042,-12.166404597822803,45.339029704095225
44.84,16.328186622459913,-10.766677052854563,45.112854941829625
44.86,17.87347142286791,-9.454863040685211,45.5582592372954
44.88,18.31466834791557,-8.018179492845258,44.89419459734106
44.9,18.460923472379708,-6.985030733753829,45.67393544796931
44.92,19.068337983339433,-5.814666441847947,44.69427266839158
44.94,20.1349694817053,-4.0140589992454645,44.57052386460007
44.96,19.75504473077054,-2.7802602308230338,45.29301968327647
44.980000000000004,19.77590653918445,-1.4273917318219478,44.91972859453537
45,20.045239260633988,-0.04936304983410583,45.352536042706554
45.02,19.389822431063592,1.4988639353033582,44.857734189338345
45.04,19.931454180003147,3.2014541814788315,45.49597354642262
45.06,19.72842847930729,4.090147381826717,44.39043611589764
45.08,18.962209697815094,5.899635307911487,45.030719688990416
45.1,18.80448575987493,6.82792830166716,45.251681152821746
45.12,18.137522963674442,8.178348913349618,44.80056860317969
45.14,18.038793758153695,9.269690338445113,44.65414856391451
45.160000000000004,17.203585929555356,11.252715217298293,45.51401109483844
45.18,16.790607807390547,11.632962113388684,45.043102397583645
45.2,15.688656168025378,12.682820941470894,44.855956867292306
45.22,14.689541042499453,13.645646757817358,45.318350723340146
45.24,12.89872283508075,14.8733380397051,45.69605721775368
45.26,12.547201012630431,16.58245292682684,45.08606253489803
45.28,11.386089278139343,16.883877128701833,45.15353139323247
45.300000000000004,9.577474265584081,17.666057639147617,44.98808334069221
45.32,8.182515297286267,17.716494940573632,44.53951906278977
45.34,7.5316222720814805,18.650260771126238,44.856348309157426
45.36,6.097926024081861,18.97113023421197,45.300928134527254
45.38,4.605123037327704,19.677394103685867,44.24866233611163
45.4,3.4289802982630366,19.607213019718618,45.50841723471864
45.42,2.383421854939594,19.740475193888056,44.71396328489676
45.44,0.4744882113005939,19.888501127173928,45.14148387938494
45.46,-1.0452803888695719,19.623260086925335,45.012008754832955
45.480000000000004,-2.5615318510361367,19.877202654987915,45.23288870014841
45.5,-2.946087273706212,19.709228008064148,44.39922291579836
45.52,-5.189153524892991,19.38475002351575,44.971244729419375
45.54,-6.47641045901889,18.869965573582583,45.176874249126634
45.56,-7.029281280174608,18.213357549380127,44.67924089836373
45.58,-8.355464329946555,18.062410178397847,45.01593911314463
45.6,-10.26039985410543,17.09219781990576,44.42916039159667
45.62,-10.783576675315281,16.145314580423232,44.83317166156646
45.64,-12.109030512042853,15.656889665154695,44.93954410723252
45.660000000000004,-13.359967297264264,14.51647715191872,44.88838520512446
45.68,-14.361820222670689,14.238868653610158,45.29788309111042
45.7,-15.40042457603961,12.926773767896421,44.98689542602352
45.72,-15.499958687431308,11.79199901066731,44.99129625518543
45.74,-17.043734140785833,10.523359638631133,44.99474056050218
45.76,-17.721992632997434,9.27086464572598,45.21392486473007
45.78,-18.578534208686882,7.735845551359496,44.90170063168328
45.800000000000004,-17.97810802071137,6.862630912345744,45.07491186921997
45.82,-18.799726996877276,5.286796204647377,45.31551007724797
45.84,-19.547351660149072,4.357730508032216,44.78167703520121
45.86,-19.5463198719956,2.802447019136081,44.95517995239989
45.88,-19.438056903450658,1.763850568528398,45.10405274134905
45.9,-20.369151034014106,0.6348975378999082,44.773282466909635
45.92,-20.07038489978119,-1.1536926866222283,45.29514766803554
45.94,-19.475539914504093,-2.501546831792315,44.830668370062334
45.96,-19.50862621160272,-4.118609536519429,45.72544601375004
45.980000000000004,-19.243583485380963,-5.690975609420045,45.77591409858999
46,-18.748276475529366,-7.420176622202202,45.16327028572994
46.02,-18.527011452131877,-8.155756487169025,45.3653858843141
46.04,-17.77675874324649,-9.698189684280486,44.57836330730953
46.06,-17.18937167065998,-10.743041689716293,44.792078721739365
46.08,-16.171520760621185,-11.473631053121377,45.43777594187501
46.1,-15.264472573165271,-12.90917851264122,45.45738142022073
46.12,-14.372273023933188,-14.175353715334355,45.15492543787533
46.14,-13.47836906787972,-14.845347798239786,44.802363640429974
46.160000000000004,-12.462166131259888,-15.63878976001552,44.68882397262754
46.18,-11.018493169777841,-16.846819138040654,44.70518734450766
46.2,-9.47359172125176,-17.6404580821769,45.32234729386819
46.22,-8.429892027142953,-18.65302771495874,44.700647764500054
46.24,-7.3076037798544,-18.24020115792319,45.058459383703386
46.26,-6.087150741525983,-18.486145450345834,45.35138900828836
46.28,-4.916151673855149,-18.834299239151523,45.05617563118298
46.300000000000004,-3.8846280914383833,-19.454884928147088,45.17775595528626
46.32,-2.092537419529162,-19.760707235351614,45.44123071141662
46.34,-0.4095601247288118,-20.155672579450293,45.21133227763685
46.36,0.7766709048657984,-20.512087691407565,44.92519679103185
46.38,2.0333951517151427,-20.184812783955646,45.03940885774346
46.4,3.4229051228822143,-19.207900640762002,45.60873082659823
46.42,4.761298165836919,-19.418550224582393,44.66048696850815
46.44,6.348562977814882,-18.93036135784286,44.54608826937799
46.46,6.888351732475884,-18.521789395616487,45.14965066806463
46.480000000000004,8.824296735597075,-17.797655816351835,45.210243734926834
46.5,9.915359572324009,-17.080277200538195,44.91095968245829
46.52,11.176867291226241,-16.459408224922495,44.85630139147838
46.54,12.211362448086254,-16.07190247041662,45.60613455673969
46.56,13.57522583033618,-14.77264224539082,45.42567754591027
46.58,14.477840783102916,-13.703155226575758,45.03189241212318
46.6,15.54649941002164,-12.764883716807292,45.30680914872949
46.62,16.159657206673135,-11.804549558827693,44.43999513084302
46.64,16.963696497902653,-10.649333449097051,44.56739360709803
46.660000000000004,17.49831112222836,-9.462200155798948,44.79830057000133
46.68,18.256157025830106,-8.162367902242456,45.40256565033903
46.7,18.983824066782567,-6.948918722718113,44.971070810676
46.72,19.15192772493629,-5.56177508705365,45.155377296368364
46.74,20.180491105095253,-4.65989785754922,45.42538293310454
46.76,20.269747755892052,-3.040032694849921,44.54205941745695
46.78,19.618499204338487,-1.9080962076254164,45.13958034660549
46.800000000000004,19.68438885058653,0.022541090622675973,45.24645279238731
46.82,20.174315845808668,1.4685865008885604,44.452254328703624
46.84,19.517779223628896,3.0196228632983066,44.90963123527513
46.86,19.149443152240092,4.274914191201064,45.150499186653526
46.88,18.928674345482793,5.484702072635394,45.517493927198885
46.9,18.980526486186736,6.713099681360112,44.68840776861861
46.92,18.254393239863436,8.432572162345467,44.839527439871766
46.94,18.024121381652726,9.482210852286823,45.104017319980265
46.96,16.801649785116584,10.558244109908356,44.81199380440988
46.980000000000004,16.481930619598337,11.807306174585008,45.423992688168
47,14.928068507159356,12.713547967773355,45.32712244289045
47.02,14.70494996239556,13.624935550888567,44.619653988921534
47.04,12.850752409411054,14.75550807111858,44.69305065696278
47.06,11.807991921721841,15.938073773775226,44.9286595125083
47.08,10.942627378315713,16.571306455267656,45.36370847155592
47.1,10.331579044073234,17.257335857697427,45.23736404299605
47.12,8.782632182034993,18.345913235803817,45.12349701307633
47.14,7.226765087950484,18.297189226459523,44.572919782933525
47.160000000000004,6.120870761305479,18.88582892107909,45.01680455581064
47.18,4.53989884257453,20.01650301255929,45.017516344931295
47.2,3.4059360028270285,19.962030438541646,45.17263760851966
47.22,1.8297072094034352,19.923886247904253,45.31311593691604
47.24,0.5019966593602121,19.693475493487668,45.365684417840846
47.26,-1.0739620885929075,19.299942123650563,44.97635367692613
47.28,-1.910477065175584,19.958254462158912,45.067805031976505
47.300000000000004,-4.2399743751915135,20.057894624144232,44.13714668050403
47.32,-5.125992813980435,19.165099118824752,44.58529084676967
47.34,-5.9200659555165265,19.040979699705158,44.942546347895444
47.36,-6.90060111337277,18.601660212850312,45.06267383363477
47.38,-9.229002943773397,17.871094881193944,44.88191623453845
47.4,-9.782042949546026,17.582495040255903,44.775572203499415
47.42,-10.90791512937414,17.029206579378343,44.914437164295926
47.44,-12.000190574273851,15.142365961361337,45.17409908691347
47.46,-13.468582834213287,15.000801999953877,45.65914440298062
47.480000000000004,-14.260824258449198,14.1256354318314,44.94200753035582
47.5,-14.85148884406348,12.998893472532105,45.074384271803346
47.52,-16.210371134409236,12.013198922125119,45.40389888557588
47.54,-16.897025953022144,10.615004878875267,45.665207759889846
47.56,-17.92464125309118,9.09606196226058,45.21622657544526
47.58,-18.3195984574536,7.977283186736748,45.35844477962878
47.6,-18.86468192834783,6.596212086195369,45.164071691430934
47.62,-19.117312820340914,5.641301415468931,45.233866217240525
47.64,-19.398309881978744,4.355424574274364,45.48751714360634
47.660000000000004,-19.77513751311272,2.842234819741221,44.96470412047651
47.68,-19.97024507032434,1.908816297255749,44.74650198754221
47.7,-19.76498049976486,-0.17561635752175558,44.63095602659661
47.72,-20.033800977818924,-1.0669430459671976,45.014285656863976
47.74,-19.128899489766102,-3.3923904657319013,45.10054612570564
47.76,-19.394573600427503,-3.436586158284089,44.917898558568616
47.78,-18.67137572833905,-5.497679188869782,45.205654393336765
47.800000000000004,-18.767155133766472,-6.848871252195207,44.90746010574368
47.82,-18.405005722446706,-8.032403702247711,45.21233030218019
47.84,-17.722222433434457,-9.236090415917525,45.02987106486973
47.86,-17.457632565641624,-11.395347946209329,44.75172219430956
47.88,-15.896565857745141,-12.104299009107764,44.59528521066847
47.9,-15.462983878996651,-12.645913571330125,45.053957263006936
47.92,-14.327370010978747,-13.975129963081644,44.82493730345511
47.94,-12.988636718876549,-14.079777977115889,45.22566518899345
47.96,-12.361851224111588,-15.269665865697583,45.26187141291674
47.980000000000004,-11.533383226154383,-16.86360031891455,45.26824628630357
48,-9.935956998874502,-16.98049641195492,44.71421248545463
48.02,-9.084240395038288,-18.406647076803573,45.17842189448797
48.04,-7.787607247930883,-18.58910428518166,44.52532012343851
48.06,-6.459423993952199,-18.870517350174428,45.10846689860861
48.08,-5.409989261671755,-19.636358653896377,45.80130017746736
48.1,-3.5590801570555133,-19.694005533067408,44.80949954985027
48.120000000000005,-1.8821001423335657,-20.212892203941312,44.978031629793286
48.14,-0.7848665366338555,-19.91895474625578,45.25136199626675
48.160000000000004,0.11872755920429234,-20.442604502187006,45.18681709260979
48.18,2.454766062792507,-20.21208235961855,45.03383739796518
48.2,3.646113291851083,-19.742904903419916,45.31668507361608
48.22,4.755247117741142,-19.58507339359053,45.234556902791724
48.24,6.680235719690725,-18.957766947365485,44.64603963174915
48.26,7.8619328976686935,-19.052105417967663,44.627113831328245
48.28,8.736635116933318,-17.879995899229577,45.01634822506765
48.300000000000004,9.904884434673574,-17.781384051859515,45.019847383190445
48.32,10.652742596174647,-16.64069618062802,45.3112291991229
48.34,11.89201044750063,-15.870532502096205,45.3970313798898
48.36,12.766700112449906,-14.631115376186525,45.59720580833946
48.38,14.448678046241989,-13.535039207066415,44.80640905211915
48.4,15.306222146270981,-12.445461918010356,45.210841456782966
48.42,16.157174178679977,-11.498410231857031,44.99683778915191
48.44,17.342646646854597,-10.285317202950244,45.283108952526405
48.46,17.447903587687158,-9.005327008037384,44.33249235776422
48.480000000000004,18.25889971058161,-7.915240419769454,45.05795712578688
48.5,19.12329914323599,-7.002587248380824,44.53449333883724
48.52,19.092018305577223,-5.326913265868003,44.7615699913985
48.54,19.66321063625455,-4.029683696431685,45.238390341048216
48.56,20.15196959915132,-2.899217173309511,45.378130324202864
48.58,20.075141420054262,-1.2310143830229934,45.19508006274771
48.6,19.582721269383022,-0.054808228115649935,44.90414793461151
48.620000000000005,20.100556761625977,1.5554774995096046,45.44001533852859
48.64,19.693959252775038,2.9801193787665667,45.125198544009066
48.660000000000004,19.455294219905415,3.471604407166325,44.72271068039158
48.68,19.15991309096588,5.713251720950905,45.633692926145095
48.7,18.87354826283495,7.018725700139079,45.16121525535218
48.72,17.867007684786937,8.230223121235607,44.42794515684472
48.74,17.16172769847916,9.581416184002139,44.75929973553994
48.76,16.7670796192282,9.95197616211459,44.94573651256388
48.78,16.260228627513346,11.819306506463805,44.964391547710484
48.800000000000004,15.241032969731872,13.44658031668539,44.4929467378849
48.82,14.537942977788996,13.284836916532186,44.71776874650458
48.84,13.619237520728056,14.366994293486474,45.44060030089712
48.86,12.578230946482908,16.007819132764944,44.98385236860673
48.88,11.016570438256297,16.692199544805316,45.00946192777023
48.9,9.552793417407942,17.123751716703985,44.48569932429937
48.92,8.669297398217761,17.68781746708537,44.71568933898993
48.94,7.710591419278623,18.30084235319962,45.324796807005015
48.96,5.878328490545597,19.23655271980574,44.76924588993835
48.980000000000004,4.465113740572547,19.031872355650503,44.345319548959225
49,3.4247427528082017,19.40720514541349,45.10799244173234
49.02,1.6738895768840043,19.861892916381017,45.61157126889218
49.04,0.6681612370641726,19.726298921447643,44.98732569201265
49.06,-0.9613222595921542,19.974391023407065,44.87342084087396
49.08,-2.4339415439214838,20.365773159130086,44.69980210973469
49.1,-3.1219804054562585,20.21217864138548,44.984099874706246
49.120000000000005,-4.471927236231172,19.075312299922494,44.610268353236386
49.14,-6.510929651844676,18.562655227685106,45.37058890517467
49.160000000000004,-7.632628547276616,18.473813366309752,45.042844947159004
49.18,-8.86553654284513,17.77094635450291,45.55426086546207
49.2,-10.034595808905113,17.93268689445239,45.42736127397313
49.22,-11.38279252466361,16.7412150473269,44.66252808702932
49.24,-12.820873803799707,15.476583528426385,44.569435718538564
49.26,-13.698606505596283,14.431343259702865,45.42356040627737
49.28,-14.140020499150587,13.692098543237256,45.032584907212524
49.300000000000004,-15.465895166015374,12.812827772107061,45.32865331062064
49.32,-16.53686580540509,11.987557059287255,45.021222319005396
49.34,-17.132682826159733,10.257259591327852,44.993463922230795
49.36,-17.873737147375806,9.734000774260128,44.54925012409314
49.38,-18.355556273562552,8.101180777451539,44.88675216371243
49.4,-18.998560631086914,6.9868060698763435,45.45656015806676
49.42,-19.467201449150448,6.212824343917087,44.738673320097604
49.44,-19.346235869702745,4.144234944339954,44.78799539835009
49.46,-19.934033658522974,2.912491354733388,45.1452578079897
49.480000000000004,-19.750202144126703,0.8754895557738016,45.21546351850847
49.5,-19.948354894512022,0.3204062140993404,44.88684584611692
49.52,-20.07435387498039,-1.1642807452778159,44.78460733123456
49.54,-19.936415119903415,-2.532681733998486,45.16637859359069
49.56,-19.689109432799633,-4.129187365179588,45.33532335922207
49.58,-19.146183616557202,-5.607415243237943,44.65825407071057
49.6,-18.6543320797512,-6.771936433017743,45.4394008990355
49.620000000000005,-18.5765176357311,-8.359346167599252,44.99415050363719
49.64,-18.253570786100493,-9.607793389765424,45.42219381918757
49.660000000000004,-16.826730048099897,-10.076218377242043,45.24121754891591
49.68,-15.398308509153289,-11.737414674952086,44.91168027854319
49.7,-15.29340767347732,-12.2719954075273,44.710934697325484
49.72,-14.655487814233455,-14.157094827795435,44.79392076552524
49.74,-13.506960277537477,-15.19202725532645,45.24966794376491
49.76,-11.907860437251253,-15.893855260690408,44.863829902604095
49.78,-11.279155733157806,-16.211484654331176,44.517557369776284
49.800000000000004,-9.890361532494298,-17.43401469931501,45.27817905426917
49.82,-8.372072269932849,-17.459584929214888,44.98632191543089
49.84,-7.712687194472988,-18.357721213062177,44.75817710652413
49.86,-6.395139752949332,-19.089721328890917,44.82744862549835
49.88,-4.952936465515413,-19.743310337914473,44.86536610777842
49.9,-3.763129789361185,-19.362876992452502,45.30444217847402
49.92,-2.311481210992759,-19.865197080984668,44.66260168913206
49.94,-0.907232731380512,-19.713284512977655,44.807392368720286
49.96,0.0868537713720573,-19.70260591060634,44.86838428518183
49.980000000000004,1.571388934040415,-20.30258472029775,45.208333524231534
50,3.275583695886451,-20.081512749590832,45.17042258673138
50.02,5.021882373358428,-19.484321963197797,45.214707477564964
50.04,5.7500740525093725,-19.05289706261968,44.937104311063564
50.06,7.19323230400212,-18.32744431796439,44.8649869517524
50.08,9.188601197497496,-17.94751075971197,44.81295742914605
50.1,10.179270052651537,-17.101972585787614,45.40811987130709
50.120000000000005,11.268660326879905,-16.391868213220313,45.14492955267712
50.14,12.356661191371666,-15.78536679298239,45.02143109196367
50.160000000000004,13.208590016336387,-14.57354198594798,45.457118672241165
50.18,14.700160325750295,-13.802465994847394,44.679660171910875
50.2,15.077222127649398,-11.949782039637226,44.63144434217823
50.22,15.669539825900857,-11.173683562502157,44.97168970435902
50.24,17.1553011482001,-10.800847525643258,45.07546346984468
50.26,17.266495470983525,-9.649181368968952,44.938041774486244
50.28,18.36256902855198,-8.375510944512133,44.58512119833924
50.300000000000004,19.509235428725553,-6.697926728822423,44.70153397876796
50.32,19.283875909029643,-5.981931899247969,44.974837019047406
50.34,19.74866580366408,-4.021495545439941,45.34331467527738
50.36,20.253330787981866,-2.31611572061694,45.22713099142236
50.38,20.423399214510763,-1.633309706568921,44.61943569799747
50.4,19.909032369820693,-0.38784509919808885,44.85069187988287
50.42,19.837825038494216,1.2189211390877155,45.02452857497804
50.44,20.026496661357406,2.839617495157729,45.061433326429444
50.46,19.860836742724132,3.8676334014979563,44.614319834211805
50.480000000000004,19.627259320347324,5.728222539654588,44.95151269124232
50.5,18.681948410938617,6.768894463528822,45.0617705046955
50.52,18.856252355034222,8.126515834827343,45.00662370828622
50.54,18.03228327642534,9.145898026117248,45.23304937202389
50.56,17.696516603853844,9.991301792660213,45.12654543643513
50.58,16.406370299064267,11.717868456427038,45.43499111416462
50.6,15.724685763825692,12.607267302391987,45.036087976926275
50.620000000000005,14.505357069337252,14.16998925096922,45.02557503102659
50.64,13.375103506575394,14.864412477319293,44.815229592944696
50.660000000000004,13.23607412618849,15.405504437374113,45.115948191047906
50.68,10.796432832784847,16.416285631055068,44.665499851298236
50.7,9.635849573774344,17.54655997292599,45.505900438096
50.72,9.362505513957379,18.23257604893203,44.93387779257048
50.74,7.640199472952707,18.895516040309765,45.185363208526
50.76,5.846738482855025,19.056435934955754,44.915032468615394
50.78,5.024623329347621,19.517647344574566,45.251861627270856
50.800000000000004,3.5277159431797482,19.419898691148003,44.8428239127553
50.82,2.596843814636169,20.32313300233692,45.01584944958248
50.84,0.7738215617244026,19.731618626353736,45.25028255188954
50.86,-0.49124228763185884,19.181863310229637,45.19258188724105
50.88,-1.9993906105894277,19.660080073894488,45.145062429539486
50.9,-3.641819227932462,19.756271347748566,44.69186185939876
50.92,-4.4828522839031555,18.620901180030828,44.9621614799184
50.94,-6.016598277697398,19.009756247854273,45.342059048654235
50.96,-7.302403107905371,18.194361404276027,45.41326978357375
50.980000000000004,-9.351060715190966,18.094001035041902,44.539310137051565
51,-9.962826627291053,17.625905420872996,44.92147470294823
51.02,-11.248471071339688,16.74448739542545,44.56165731566529
51.04,-12.34906813881686,15.58904964316034,44.96680671179968
51.06,-13.287221352942039,14.87352972231559,44.70217366980986
51.08,-14.110472655683147,13.498495141431158,44.816152477649766
51.1,-15.2549027228189,12.798348620794485,45.180225478232664
51.120000000000005,-16.38461916849372,11.477048981384057,44.5039360269688
51.14,-17.225284537747477,10.409592680993864,44.92406513953632
51.160000000000004,-18.283775221317573,9.127766648630018,44.898885600383196
51.18,-18.02372489544189,8.549894782482445,44.62062170702974
51.2,-18.722692110377743,7.103792499860978,45.34066166380365
51.22,-19.524052524747756,5.736746462980779,44.99584306727121
51.24,-19.291922360571267,3.8235644542444627,45.26683874216989
51.26,-19.995374625742215,2.6098593541856294,44.73786225765681
51.28,-19.722039167241235,1.1829838591358186,44.7948279537381
51.300000000000004,-20.063240566358726,-0.10013036928808976,44.80276617361613
51.32,-19.932436927026114,-1.5351255038341538,45.03654471539941
51.34,-19.790463318651778,-3.046924816503795,45.031962944344855
51.36,-19.4068733046823,-4.171588404337653,44.68953001136046
51.38,-19.41825554828466,-5.129632590481707,44.93768288216515
51.4,-18.481959438343228,-6.82074253857246,44.95317412701656
51.42,-18.42809028261606,-8.00643939951003,44.79552367684699
51.44,-17.451741304510275,-9.248070987098378,44.82166884669698
51.46,-17.142384243836865,-10.734720264678055,44.92669315188508
51.480000000000004,-16.40511972277288,-11.272315438209278,45.15045279226769
51.5,-15.29887778191534,-12.636012825999872,45.56645381533315
51.52,-14.3572476850258,-13.408023607271673,44.76622562112562
51.54,-13.771940027641024,-14.513464742620911,44.794858072050246
51.56,-12.283110815268998,-15.544885279052439,45.05627042139897
51.58,-11.09492454395582,-15.93720109772794,44.94055666255151
51.6,-10.028794353068946,-17.474742435216776,45.398294805883914
51.620000000000005,-8.060624460345858,-18.0849641806037,45.19183730405337
51.64,-6.998869282885338,-17.69503851900229,44.94232699191809
51.660000000000004,-5.7006310298210146,-18.61713652245611,45.22875410120072
51.68,-4.560230317581193,-19.329698765257938,44.97211738635069
51.7,-3.447001702610518,-19.425370449680614,45.08603461327543
51.72,-1.8991494340206598,-20.32711879165182,44.20208735344795
51.74,-0.5120694290842867,-19.570141311623733,45.05602138743586
51.76,1.174598856651349,-19.835603688711196,44.976180281443284
51.78,2.149921064516728,-19.892902989245087,44.91757153271541
51.800000000000004,4.220230863761777,-20.434309075504228,44.75702239071409
51.82,4.750797959108966,-18.866226257815715,44.490744008425445
51.84,6.1536642858684365,-19.053662040630027,45.329210515033274
51.86,7.281817544985267,-18.51016088265322,45.04494611156379
51.88,8.896562273995341,-18.034429158164603,44.96529398293489
51.9,10.058008795879479,-16.532244672958385,45.21630519721445
51.92,11.443802679132512,-16.371207065678725,44.74378253660339
51.94,12.532205527982411,-15.520544070056717,45.13353436833269
51.96,13.17520435111366,-14.700735617188618,44.85223955171635
51.980000000000004,14.73940500735133,-13.753988484155249,44.931522296772755
52,15.422638272767296,-13.187261533378587,45.58251115276837
52.02,16.574210701540633,-11.64356991123655,44.477068646382996
52.04,17.291602163424926,-10.688772281329271,45.326914501153105
52.06,17.798311570629167,-9.63452483132426,44.886627915985
52.08,18.34854209339523,-8.535672894161376,44.742768674733966
52.1,18.290526510093226,-6.356015816890707,44.86441539049991
52.120000000000005,19.116604094219156,-5.5483724813394515,45.21064379577293
52.14,19.43826710017399,-4.240186683198318,45.26950925488567
52.160000000000004,20.157051670847952,-2.4399651167599785,45.2491902587198
52.18,19.378294928414466,-0.9452239110718208,44.90265195586195
52.2,20.12084899837616,-0.3352811202258148,44.86321997148925
52.22,19.634937695277053,0.8384388106097098,45.392654716814704
52.24,19.7313124872424,2.3893276502506007,44.74508098147877
52.26,19.289003281873843,3.805443078140368,44.34447473981962
52.28,19.255750942049204,5.614666309619069,44.83657009415687
52.300000000000004,18.65718206780245,6.719601918678532,45.00990548928721
52.32,18.071377055969972,7.354756585944119,45.060883685895654
52.34,17.776892550816505,9.224459655967213,45.63408405612473
52.36,16.853537685841015,10.584595316687096,45.257004313165076
52.38,15.695368312320847,11.96409260020252,44.892344102749554
52.4,15.31168973364537,12.889029300487277,45.076793512785706
52.42,14.26096442445601,13.644928657447345,45.058852336607934
52.44,13.807310092434566,15.057098674240413,45.34285318347287
52.46,12.224922934591198,15.708866173502482,44.683382696969595
52.480000000000004,10.941384996047363,16.72866111083295,44.75900866214159
52.5,9.150245638603556,17.294852422756943,44.7426782426362
52.52,8.89947284150942,18.424898000945205,45.01501818494141
52.54,7.282937477687835,18.764230867218,44.598822195331024
52.56,6.819366440193007,19.056633403863714,45.13390623875792
52.58,5.280472152859522,19.55783198229357,44.974484272875934
52.6,2.831569401034404,19.943614555895994,44.600350402796614
52.620000000000005,1.7098070737575988,20.061759817254465,44.577222125598915
52.64,0.8028346504213651,19.718219828264157,45.438594564715615
52.660000000000004,-0.44407969380245155,19.774748710192,44.88327077543658
52.68,-2.0653478222113857,20.33845270108076,44.71726291498412
52.7,-3.2764799484828435,20.000426472114356,44.87225382687499
52.72,-5.316466555521081,19.444345326034238,45.04638769781111
52.74,-5.677745681986239,18.805898040608426,44.95963953957741
52.76,-7.783102001754163,18.61909968352824,44.66846792284683
52.78,-8.770066203508632,18.261403194313168,45.19717049036552
52.800000000000004,-9.779983929691179,17.351067603912412,44.85790355440857
52.82,-11.101122809317506,17.485518126141162,45.386977304305454
52.84,-12.927429303592152,15.206819631566246,45.445537780359814
52.86,-13.42073507794134,15.275325726207063,45.13285515220974
52.88,-14.1446364852584,14.010571549451873,45.10809517982894
52.9,-14.343655257442474,12.852103448605172,44.958154885273125
52.92,-16.155733836383828,11.402812157623684,45.31273626407661
52.94,-16.741060173469442,10.960629251795341,45.011614798738556
52.96,-18.036526028305335,9.341880060723994,45.593305343411224
52.980000000000004,-18.324205925798758,8.600741494614141,44.53967154035533
53,-18.60440771609703,6.87870996011591,44.98733132237585
53.02,-19.336782021349055,5.1783639900433895,45.246158898937054
53.04,-19.926478587221364,4.24744117964079,44.96794130401285
53.06,-19.81746822302396,3.18840767302184,44.62610638937736
53.08,-20.00845867161999,1.5233259484693689,44.88142050994591
53.1,-19.96650418587018,0.07826664833404846,44.8456413000049
53.120000000000005,-20.55260864692167,-0.8353898364686796,44.651971994346376
53.14,-19.331949259726905,-2.9346164699546127,44.81975893987703
53.160000000000004,-19.574502803976234,-4.365106929463684,44.592615397560856
53.18,-19.159753778534203,-5.7143419475740025,44.91999851505132
53.2,-18.614733468833876,-6.585687322196803,45.53521591763586
53.22,-18.292110836582978,-8.35769642414181,45.46240954312562
53.24,-17.799653358168516,-9.19431263889052,44.75288287504257
53.26,-16.708847586214745,-10.591755704237714,45.17108209302968
53.28,-16.098429410172244,-12.1179679113825,45.31284899419277
53.300000000000004,-15.61322137004763,-13.620799735534831,45.10209194623615
53.32,-14.495331564582177,-13.746796076898795,44.995689719463435
53.34,-12.993019711417752,-15.028923371743849,44.98284451258821
53.36,-12.487221935512183,-16.05625627631704,44.90674013220614
53.38,-11.106175009853432,-17.464558506101728,44.737535801791104
53.4,-10.29095010564685,-17.367047509116475,44.81804380695265
53.42,-8.274645484627749,-18.594864415054083,44.69888337541209
53.44,-7.513888338384229,-18.533057834521077,45.536691365167705
53.46,-6.107867453428355,-19.09263880859407,45.17719248756751
53.480000000000004,-4.8745751138036955,-19.717176655954383,44.84095108748798
53.5,-3.6268286429749796,-20.15495745591182,45.43352118191164
53.52,-2.2139724072416764,-19.20004545066535,45.221392708287624
53.54,-0.7803951685744394,-19.915368522456326,45.056835784948596
53.56,0.1553072337266721,-19.969015490031857,45.240563498969465
53.58,2.340616543421314,-19.867712690358374,44.78126942874532
53.6,2.669299274229227,-19.69927082530599,45.22414114405181
53.620000000000005,5.35058260823811,-19.44128109896859,45.215210735775486
53.64,6.120541878909545,-18.752786766219497,44.75545090914336
53.660000000000004,7.614661033442355,-18.71842361818076,45.002274625230754
53.68,8.988937087885066,-18.47678040676305,44.27139011489662
53.7,10.710290974514631,-17.618728857378056,45.72537883113241
53.72,11.376522798145983,-16.666276626827614,44.78314723304074
53.74,12.486041664454639,-15.28526856521581,44.76055866124116
53.76,12.799893781897033,-14.97341927178092,44.94382486762745
53.78,14.317324071624665,-13.543196772358113,45.19627117824916
53.800000000000004,15.012584936473795,-12.2627584170704,44.4776074820363
53.82,15.77333925614711,-11.97526790181031,44.994051240837074
53.84,16.640269337443694,-10.201633011084313,44.69988611870879
53.86,17.768046221290632,-10.014320961598795,44.63932757738503
53.88,18.069727752556034,-7.396306747160142,44.79182003450001
53.9,18.677901521680255,-6.7552562524770075,45.012437269466034
53.92,19.497732555438933,-5.739462280225499,44.93159754990629
53.94,19.163348378873422,-4.246604524528213,44.589626414870125
53.96,20.057704549926612,-2.683745893935381,45.06567196318664
53.980000000000004,20.60333075540502,-1.986291359852844,45.18512816010758
54,19.843346532758137,0.19516467542586835,45.08366835029271
54.02,19.765084068841396,1.6291219650655184,44.83815236384686
54.04,19.679846801799897,2.395378044718944,45.48283091110014
54.06,19.687874243361694,3.5115664871800174,45.10377417920678
54.08,19.720222617812993,5.408970411561714,45.14518476362974
54.1,19.399567213560115,7.080006598825517,44.454997567169045
54.120000000000005,18.147523682819735,8.229535699985298,44.993915073201585
54.14,18.10718436110191,8.883708247959301,45.01949631246959
54.160000000000004,16.87534495906112,10.616083709555673,45.14195921092768
54.18,16.417548937210235,12.01770720144907,45.17566735488999
54.2,15.0794655168255,12.765323683031761,44.61585478059638
54.22,14.627836034143526,13.8922044909239,44.86577401150826
54.24,13.59967293883382,14.666356761432377,44.596931699430115
54.26,12.371556447570127,15.797387758003165,45.370146509628476
54.28,11.224858985862785,15.968881088311468,45.32461410476853
54.300000000000004,10.112297446807297,17.286558070110758,45.11370532870607
54.32,8.637722347034064,17.383331588796203,44.94308774647684
54.34,7.703859796700847,18.779730850168104,45.12666824780327
54.36,5.949448253492098,19.259509764980855,45.32077997481505
54.38,4.714999940319705,19.774590296337088,45.116798879512224
54.4,3.2002389616178184,19.464054073157264,44.81213111640807
54.42,1.9687301632229592,19.917704230218934,45.370901488010865
54.44,1.0824964502664594,19.77798913387243,44.76573354828272
54.46,-0.6503255159158764,20.077432858631255,45.01613139162445
54.480000000000004,-1.9528168396480485,20.154268202734478,44.81011596497597
54.5,-2.937986146831186,19.902082603042434,45.08578920629232
54.52,-4.941557870789088,19.11776145013351,44.8512144692973
54.54,-6.505025724000449,18.935810946360725,44.854241499698965
54.56,-7.476344872681192,18.256303274041482,45.05164748879325
54.58,-9.194951826666694,18.12250802673982,45.18392997048308
54.6,-9.872413397567462,17.366962787829532,44.396157086413496
54.620000000000005,-11.690797330504964,16.357057709967137,45.43131503375149
54.64,-12.157551403995342,15.55804645494233,44.81125124831011
54.660000000000004,-13.228349216264702,14.770230795497396,44.609835484997625
54.68,-14.743489193111373,14.316259603750012,44.83584559342488
54.7,-15.133717954201781,12.802037449184308,44.8605124045388
54.72,-15.875888043013068,11.30574026845124,45.226210377547595
54.74,-16.98859099281588,10.964745997524474,45.020631904794335
54.76,-18.035896429864245,9.467496366043044,45.07010384803809
54.78,-18.387097376807752,8.169347471156339,44.77881236397945
54.800000000000004,-19.11893725248359,6.775934625081739,45.13204595594112
54.82,-19.11986564722207,5.748739856587076,44.60236298540104
54.84,-19.814243734574127,4.472635565085728,45.032316985854024
54.86,-20.140920809883237,2.7272630491394505,45.24792607517141
54.88,-19.978641913903967,1.2880520698144322,45.29830706478616
54.9,-20.03097713329383,-0.00238807821086047,45.54516396895018
54.92,-20.322363236194764,-1.0968210606731705,45.09884938050138
54.94,-19.79981738169621,-2.788563536562556,44.74245401411107
54.96,-19.254955236053256,-4.438818558107258,45.10706188893266
54.980000000000004,-18.960393295574768,-5.565934942254066,45.523089347463895
55,-18.3651140568602,-7.091149628478349,45.30147993805903
55.02,-18.736299013342304,-8.64834774575388,44.770320610640944
55.04,-17.669163636370325,-9.094837000811507,45.15258210086349
55.06,-16.925427762419126,-10.746004405857791,44.56473676675064
55.08,-16.277828407903943,-11.766005314401333,45.316524371336754
55.1,-15.672413759530098,-13.258869834980418,45.14970926588287
55.120000000000005,-14.003516589834414,-14.041272413549953,45.0572206521177
55.14,-13.446342322424089,-14.824270432224743,44.91756435119024
55.160000000000004,-12.558445638396181,-15.769832073475996,45.077261898247286
55.18,-10.984762685485823,-16.468554792174928,45.13334333568074
55.2,-9.65095968271274,-16.956556676957792,45.3524076540597
55.22,-7.978217727440702,-18.147420843634187,45.20437489275638
55.24,-7.289538809375971,-18.385303804492896,44.84161290074204
55.26,-6.1408115522930515,-19.083541237183102,44.68526821103012
55.28,-5.273472104151295,-19.596043484215393,45.14303265132204
55.300000000000004,-3.906580739127953,-19.47353957580296,45.753246476999664
55.32,-2.429061565676399,-19.866656063652307,45.37916871758845
55.34,-1.0281310188339625,-19.8319113596728,45.117829596844736
55.36,0.5053627841163815,-19.802052861638312,44.78595602932176
55.38,2.137386039041351,-19.522990550451524,45.159849165171146
55.4,3.1829178737696857,-20.129493308804797,45.541645562530334
55.42,4.069464549482977,-19.514946278332307,44.844428871404716
55.44,6.54530250864274,-19.82790255519592,45.07302941471166
55.46,7.465630747956816,-17.93375131140278,45.14726103082238
55.480000000000004,8.937604280348477,-18.625783517580977,44.96877580058703
55.5,9.692426265479412,-17.13337629218855,44.91799843959749
55.52,10.98910765144215,-16.850632497021792,45.051531469842985
55.54,12.044561709546027,-15.73845381970388,44.85035336952303
55.56,13.516412180830558,-14.790937424053402,44.52219185233915
55.58,13.854005283051775,-13.153447514078682,45.12671280258401
55.6,14.889735896693534,-12.573655125792891,45.1803063860916
55.620000000000005,16.211661357704834,-12.340912524310395,45.09461801363991
55.64,17.119800712299707,-10.567647247279494,45.234206571169366
55.660000000000004,18.142275223431668,-9.737285210466624,45.18938504397302
55.68,18.260660772636637,-7.874300910407048,44.36336316828557
55.7,18.46946549716378,-7.041377949110003,44.97018793981467
55.72,19.29823003832252,-5.409794980930294,44.533329682597184
55.74,19.825945393070008,-4.530550256803469,45.07527323111822
55.76,20.06249294931903,-2.484590948883736,45.123538158596524
55.78,19.653476031766314,-1.5800758993873456,44.85710587122864
55.800000000000004,19.798055737713717,-0.5235014566989852,44.88764533863692
55.82,19.462451301398993,1.6319166839153636,44.840866395178665
55.84,19.47293421059048,2.688265812513285,44.70753609155572
55.86,19.35006375265066,4.258129810833938,45.060581490558754
55.88,19.160660357003263,5.752637977245796,45.150156818753565
55.9,19.07836066391192,6.840419631362289,44.35288540142072
55.92,18.20340557292663,8.452429915743618,45.45905215669405
55.94,17.92388377472927,9.349508751451468,44.60939511128696
55.96,17.649335848944,10.794182741034854,44.96332129377976
55.980000000000004,16.10441120251261,12.075393946103624,45.25372614703045
56,15.42293179224075,12.5524550233454,45.25941065564698
56.02,14.458352015338708,13.944263959717217,44.60948113065838
56.04,13.534200287161516,15.298498404855426,45.396230459953216
56.06,12.335519964466574,15.898459910106986,45.15151698864568
56.08,11.190783538043327,16.030619814022664,44.91441477570485
56.1,9.370679550455819,17.59772633922046,45.43224767462196
56.120000000000005,9.077374318270806,18.41124208658987,45.35685020094357
56.14,7.822934989663865,18.327891728856088,45.19433254487054
56.160000000000004,6.136624306989199,18.559324206221135,44.80597683759728
56.18,4.6736591403069,18.98740327538062,44.81716661498193
56.2,3.5898361621049464,19.987373238985835,44.80818808890596
56.22,1.7836017714741408,20.020890089448407,44.822400676862244
56.24,0.6049177380769917,20.078254709747526,45.55051101645794
56.26,-0.5561854747858572,20.3600695882547,45.19979251052684
56.28,-2.8970163773955777,19.92130559396789,44.497317085264875
56.300000000000004,-3.3097613319707846,20.087415669042745,45.47839861889131
56.32,-4.588662459508762,19.656555335718547,44.67018141963143
56.34,-5.965242968445127,19.611495872373034,44.91340472407703
56.36,-7.6588435513674575,18.489918705958107,44.65136933167071
56.38,-8.047852135690864,17.68465519435863,44.35634354791455
56.4,-9.937838457498149,17.504670883043698,44.56618592514729
56.42,-11.239073050209948,16.085636010699854,45.040429286228665
56.44,-12.128324470591874,16.01264251869024,45.06960378755057
56.46,-13.348489421409614,14.617206758045244,44.73177606754636
56.480000000000004,-14.987043988847992,13.75433584505377,45.06341164010037
56.5,-15.380790955387369,12.943238592087638,44.967844540641366
56.52,-15.845301764228958,11.469276690123827,45.07601283552086
56.54,-16.72822801835454,10.883615760449688,45.05074932003416
56.56,-17.561569645012057,8.800178849769157,45.39457749343785
56.58,-18.34453413765611,7.686599966120552,45.12575740633746
56.6,-18.842875391169184,6.9984502920857485,45.02063308246533
56.620000000000005,-19.039601396398428,5.555260664682015,44.822980089639785
56.64,-19.919023517239562,3.5891757115385206,44.84748151906091
56.660000000000004,-19.49356883534196,2.5659535935091657,45.11314577306283
56.68,-19.982760027436886,1.4211852712800501,45.31856243892122
56.7,-19.621235634435173,-0.013481836337282123,44.72752423754877
56.72,-19.49072107573859,-1.1563206106147508,45.00386054515332
56.74,-19.26277949330858,-3.098637046036321,45.51000170517343
56.76,-19.56254525121493,-4.014430814881988,45.047841486821596
56.78,-19.717160900176726,-5.224958778676402,44.21037841617946
56.800000000000004,-19.162508026508352,-6.69663565540755,44.64603750334246
56.82,-18.484285307114238,-8.342437457959456,44.60792080058174
56.84,-17.757508222718602,-8.976675125327763,44.9033150200167
56.86,-17.37994673836341,-9.83479561166854,45.14606779890633
56.88,-16.222384200776794,-11.455574640299266,45.3151258384267
56.9,-15.351145876738505,-12.827116550465544,45.123486415343464
56.92,-14.28346542098559,-13.562581580420217,44.857282150926444
56.94,-13.78591014219427,-14.92484277367474,44.85081376368821
56.96,-12.484074877487112,-15.416378398609533,44.77999273333018
56.980000000000004,-11.43520845147369,-16.605907934874594,45.610840009037474
57,-9.76105331232069,-17.46832513522201,45.28390584446624
57.02,-8.522322044839967,-17.365814951137825,45.075591745811884
57.04,-7.492262280644494,-18.701233547428163,44.77285135047838
57.06,-6.7998811341643846,-19.053239050342857,44.97669332704495
57.08,-4.560419917024362,-19.715621338585322,45.12628569812094
57.1,-3.333162741291005,-19.77495811623339,45.2942393123604
57.120000000000005,-2.4013595370233505,-19.666043101901984,44.85436876976713
57.14,-0.2254648248981697,-20.080282727531582,44.76038269733002
57.160000000000004,0.9666154817657859,-20.10290499775215,44.78294036953318
57.18,2.118532970740573,-19.77099473347129,44.49590837737614
57.2,3.7092555537804497,-19.297709081720225,45.01219070701934
57.22,4.564932362837784,-19.225240871957965,45.03153800342929
57.24,6.368519954869988,-18.62737598457599,44.88396296032113
57.26,7.416465525476003,-18.110852160648086,44.86842344206876
57.28,9.022812032151688,-18.15479654367424,44.99642519448942
57.300000000000004,10.064645990107147,-17.064740757527805,45.03261495700456
57.32,11.175307079353571,-16.86245945523388,45.5641967176881
57.34,12.318628584522767,-16.19567735892221,44.70931987629805
57.36,13.180019747894535,-15.2872441662747,44.95142521683424
57.38,14.10074550472212,-13.86108310830182,44.63126203402496
57.4,15.486039826695045,-12.703810835988262,45.69220157280137
57.42,15.987815123551886,-11.611593571464555,44.8779900817844
57.44,16.61230942825473,-10.555166337678022,45.25808499101514
57.46,17.98445983172664,-9.078400513683325,45.46747638984441
57.480000000000004,17.97528483554535,-8.147078598576554,45.047965014788026
57.5,18.99309724410102,-6.757952497292223,44.78090718557428
57.52,19.2785194671711,-5.487400134294922,45.265068442581814
57.54,19.6613197468677,-3.894577992923849,44.51258190811069
57.56,20.106861748341654,-2.597704553764124,45.039076661767794
57.58,20.044679890159767,-1.3568369405370821,44.78083147789795
57.6,20.67996439551434,-0.11738940188218358,45.09600517605825
57.620000000000005,20.37477716038462,1.4717891523042261,44.32778392407522
57.64,20.16817045181815,2.485395384271227,45.461993364878765
57.660000000000004,19.245964437013704,3.59871887437552,44.87323780312283
57.68,18.654394805002525,5.387400585478444,44.794714100458144
57.7,18.580814777070774,7.291321458233507,44.48687878358822
57.72,17.9191259564216,8.236970175685794,44.94805062202784
57.74,17.389274872382583,8.599947717356189,44.54820671128886
57.76,16.71909734640745,10.509180202323382,45.31698897968526
57.78,15.885336935937529,11.94132556726999,44.5654520071433
57.800000000000004,15.133095300170014,12.711929660476402,44.72038023265755
57.82,13.92033767568605,14.061785674898992,44.36381970861575
57.84,13.352914809539863,15.487585717986903,44.92238748321899
57.86,12.177585679086775,16.13945021001104,44.96746603022426
57.88,11.473393563089058,15.978816286313718,44.7201122033546
57.9,9.964357110183728,17.32094415902547,45.241144439348254
57.92,9.087140485145067,17.697141903983653,45.36676578294397
57.94,7.518584341352238,18.19602295258446,44.77430280570487
57.96,6.061178274437791,19.160877200001085,44.57456685413074
57.980000000000004,5.280592913347089,19.603659666989277,45.439072604058
58,3.5814347349702516,19.6972425763645,45.233258535276185
58.02,2.2224107554019734,20.301103414264134,45.4092948037409
58.04,0.5202195929349793,19.874996661620834,45.13297255472395
58.06,-0.24641548839052646,19.664570811985392,45.26685785980248
58.08,-2.209874262660128,20.00737999362163,44.67511872024314
58.1,-3.951092901914977,19.578033883523716,44.80779198630416
58.120000000000005,-4.889660213852516,19.14272406261318,44.7035375459116
58.14,-6.233328658190659,18.942903973040362,45.13395728222987
58.160000000000004,-6.936496699396924,18.26530284669729,44.909896894002884
58.18,-8.488158242454393,18.491763215190744,44.68752634681836
58.2,-9.935949117732115,17.19301607278408,45.057126751218256
58.22,-10.754197944567848,16.914219508861162,45.441576141910645
58.24,-12.453339157271147,15.879892278085757,45.03366342298267
58.26,-13.256628759010532,15.019516357414302,44.864960335679406
58.28,-14.52868737022128,13.745410573265875,44.93866056671933
58.300000000000004,-14.804155840357543,13.491575167311028,45.138176505267914
58.32,-16.07024631412836,11.737655030313233,45.37884945615413
58.34,-16.763963743722517,10.34320932072769,45.0743239447652
58.36,-17.785892030289435,8.950495986615019,45.195473814899565
58.38,-18.163001046460884,8.544418963756094,44.87450764277159
58.4,-18.39035650741961,7.057184988091982,44.89450739532296
58.42,-19.24732456043544,5.457327349132273,45.18341698852719
58.44,-20.092830964657686,4.149989566180196,44.79555979493913
58.46,-19.76478809702159,2.560151110542583,44.70959361070201
58.480000000000004,-19.766381236857388,1.6018680807323988,44.34187805721683
58.5,-20.132963335255262,-0.03967698754324205,44.852127509963765
58.52,-19.96955548648903,-1.4701069426276083,45.08016825316162
58.54,-19.869756042737645,-2.6132564414870973,45.4153606495238
58.56,-19.40482670705601,-4.274057985554961,44.37442881200166
58.58,-18.960526344898085,-5.686734816522336,45.37028327190593
58.6,-18.551644782461008,-6.9939385070761695,45.20003888274044
58.620000000000005,-18.316229664894156,-8.293638300444465,44.90497545241448
58.64,-17.69866067646588,-9.68036212519679,44.7295846304811
58.660000000000004,-17.15684136255652,-10.580681770045258,45.16052168087905
58.68,-16.094138149351355,-11.990513919770654,45.188448902053565
58.7,-14.801796569653456,-13.190744040545251,44.71862052976844
58.72,-14.234884819385538,-13.614571386881936,44.78726794951947
58.74,-13.023341712904962,-14.63331316830941,44.866153446711785
58.76,-12.2810655009377,-15.527953465041032,44.40109369810206
58.78,-10.816629761268228,-16.373764555884648,44.63564974889565
58.800000000000004,-9.867232922732029,-17.71518538337222,45.1944239453504
58.82,-8.930366978250728,-17.437874101159576,44.95051655569103
58.84,-7.6293608481467885,-18.389783428231034,44.700379455659245
58.86,-6.26628920983846,-19.065548456329335,44.60573846421501
58.88,-4.2608258503091765,-18.794939029255776,44.95773543624949
58.9,-3.548361077610408,-19.459794860341223,45.26111628891141
58.92,-2.196246079733529,-20.064193477927407,44.79091094104865
58.94,-0.2971712021423985,-20.169857954411967,44.63859308769104
58.96,0.7172897978611329,-19.94462786691142,45.045890756676556
58.980000000000004,2.3265351295224126,-20.305144146776787,44.9863460214149
59,3.6114245761918795,-19.95474746613938,44.683453594387686
59.02,4.184609083457124,-19.359827493281113,44.88348078598385
59.04,6.372887856519596,-18.72959947835579,44.34837287933948
59.06,7.751201125551786,-18.67558014050925,45.54629005021243
59.08,8.594979614444473,-18.35343932942267,44.81506126247653
59.1,10.300465393374909,-17.830939559476366,45.25828496425541
59.120000000000005,11.412815148479165,-16.436464424354785,45.11050826172557
59.14,12.532774737227987,-15.664462858400645,45.16128849549621
59.160000000000004,13.15855703701772,-14.793870682612688,44.71866214317841
59.18,14.660493286752033,-13.976551730104623,44.41152013953827
59.2,15.312027994832562,-13.074322734281228,44.605365135778214
59.22,16.53306599532043,-12.00863621879681,44.986618385494694
59.24,16.770484120341823,-10.355151711182643,44.71933333675537
59.26,17.262443642621818,-9.1218267154118,44.9746768716231
59.28,18.270428774033274,-8.343641463016327,44.96623441287084
59.300000000000004,19.01597846736493,-6.844063242624355,44.98723698148508
59.32,19.431486463820423,-5.2273453453046566,44.74187854943847
59.34,19.30777123103705,-4.242231855199913,44.84451828685491
59.36,19.410084328270013,-2.9164403528582166,44.825002963409815
59.38,20.08095143724221,-1.8938799614311512,44.686157612773854
59.4,20.189973223808266,0.6131695866991498,45.28854591932453
59.42,19.657024842960595,1.6089913134184788,45.34253899011819
59.44,19.791092681211033,2.3449360841949876,45.24215681091444
59.46,19.697453028824338,4.38553242233588,44.82638832481262
59.480000000000004,19.04585530706234,5.773305383402617,45.18327199809206
59.5,18.738354072057557,7.164645847906311,44.74938074216768
59.52,18.36157386813296,8.204750781781161,44.34991780069522
59.54,17.99537359064454,9.292539104449586,45.10433857129593
59.56,17.248997980055314,10.736789040910303,44.66039842504794
59.58,16.183363248782054,11.619813201856267,45.08401738794525
59.6,14.94703552226335,12.65166941850238,45.5053519299555
59.620000000000005,14.442137995406863,13.900358001652583,44.94760495908366
59.64,13.472597691388826,14.901143596604978,44.966601169125056
59.660000000000004,12.439835843679488,15.928730260171088,45.011800124693835
59.68,10.967989711141675,16.765018674967475,44.4541880811276
59.7,10.16456096503063,17.22323347892301,44.648489427942785
59.72,8.529343929790114,17.877327945647096,45.577209780833584
59.74,7.545755166020089,18.141484473066722,44.49977515263642
59.76,5.855205122568025,19.120945815796173,45.179393080867726
59.78,4.563318582929365,19.952207141679608,45.01240412944876
59.800000000000004,2.9268271604880822,19.390477441514754,45.0259902773801
59.82,2.0217119805536194,19.547036898532397,44.67466303917271
59.84,0.29925605816867246,19.854967649307685,44.96328048997725
59.86,-0.5396415021024963,19.887064797211774,44.77326948714086
59.88,-2.197587562896552,19.401707307500946,45.779965620620175
59.9,-3.513690746672384,19.798333040674674,44.70801584705329
59.92,-5.098016835513704,19.24651408694443,45.33422168187652
59.94,-6.108404080375952,18.643112089726795,44.90288469813954
59.96,-7.115378996428058,18.253799937877844,44.785816710017265
59.980000000000004,-8.491942423331299,18.13603007821952,44.98298041540247
